,comment_text,identity_attack_x,bias,target,category,rationale,labels,probabilities
0,Just another state ruled by Republican heavily governmentsubsidized farmers ranchers oil and gas living on their giant estates voting against all taxation while sucking up the government cash.  Fundamentalist christian theocrats ruling over every city county and state governing system as they ban abortions defund all social programs and maintain the working classes in indentured servitude.  All while proclaiming how friendly they all are except of course if you are nonwhite or refuse to believe.  The state was ruled by Anaconda from its inception and is now ruled by other Corporate dictators owning the majority  of the lands where Republicans reign supreme.  One small area around Missoula is a shrinking bastion of human rights.  The rest of the state is harcore racist bigotted and stupid.  Time for a Revolution to wrest the nation from these Republican fascists.,0.5,bias,conservatives,political,prejudice against conservativess and bigots,"['entailment', 'contradiction', 'entailment', 'entailment', 'entailment', 'entailment', 'entailment', 'contradiction', 'entailment', 'entailment', 'entailment', 'neutral', 'entailment', 'entailment', 'entailment']","[{'contradiction': 27.7, 'neutral': 28.0, 'entailment': 44.3}, {'contradiction': 61.2, 'neutral': 20.7, 'entailment': 18.0}, {'contradiction': 16.6, 'neutral': 16.8, 'entailment': 66.6}, {'contradiction': 26.0, 'neutral': 20.4, 'entailment': 53.6}, {'contradiction': 1.8, 'neutral': 13.5, 'entailment': 84.7}, {'contradiction': 6.6, 'neutral': 17.2, 'entailment': 76.3}, {'contradiction': 1.6, 'neutral': 21.0, 'entailment': 77.4}, {'contradiction': 36.2, 'neutral': 32.9, 'entailment': 30.9}, {'contradiction': 1.3, 'neutral': 3.9, 'entailment': 94.8}, {'contradiction': 19.7, 'neutral': 28.0, 'entailment': 52.3}, {'contradiction': 1.0, 'neutral': 3.9, 'entailment': 95.1}, {'contradiction': 27.8, 'neutral': 42.8, 'entailment': 29.4}, {'contradiction': 0.8, 'neutral': 2.9, 'entailment': 96.3}, {'contradiction': 3.3, 'neutral': 4.6, 'entailment': 92.1}, {'contradiction': 7.4, 'neutral': 15.6, 'entailment': 77.1}]"
1,You forgot rightwing nuts Republican racists multinational corporate facists company men the Suits fraternity alums private security mercenaries evangelicals Dominionists and C average lawyers low education rednecks. Maybe thats who you meant when you wrote ...and hypocrites??,0.277777778,bias,republicans,political,prejudice against republicans,"['contradiction', 'entailment', 'neutral', 'contradiction', 'entailment', 'neutral', 'neutral', 'neutral', 'entailment', 'neutral', 'entailment', 'neutral', 'neutral', 'contradiction', 'neutral']","[{'contradiction': 72.2, 'neutral': 24.5, 'entailment': 3.3}, {'contradiction': 1.3, 'neutral': 11.7, 'entailment': 86.9}, {'contradiction': 9.0, 'neutral': 88.5, 'entailment': 2.5}, {'contradiction': 87.8, 'neutral': 4.5, 'entailment': 7.6}, {'contradiction': 0.5, 'neutral': 8.9, 'entailment': 90.6}, {'contradiction': 1.0, 'neutral': 53.5, 'entailment': 45.5}, {'contradiction': 1.3, 'neutral': 57.6, 'entailment': 41.1}, {'contradiction': 2.6, 'neutral': 84.0, 'entailment': 13.4}, {'contradiction': 0.3, 'neutral': 8.4, 'entailment': 91.3}, {'contradiction': 35.9, 'neutral': 47.8, 'entailment': 16.3}, {'contradiction': 0.1, 'neutral': 1.2, 'entailment': 98.8}, {'contradiction': 4.2, 'neutral': 79.1, 'entailment': 16.7}, {'contradiction': 2.2, 'neutral': 59.6, 'entailment': 38.3}, {'contradiction': 39.7, 'neutral': 35.4, 'entailment': 24.9}, {'contradiction': 2.7, 'neutral': 60.5, 'entailment': 36.8}]"
2,LW1. Im 30 and I dont drink do drugs or fall for the feminist crap that modern women are a part of. I also dont appreciate that you put all young women in this nutty modern woman category.,0.528571429,bias,feminists,political,prejudice against whites,"['contradiction', 'neutral', 'neutral', 'contradiction', 'neutral', 'entailment', 'neutral', 'contradiction', 'neutral', 'contradiction', 'contradiction', 'neutral', 'neutral', 'neutral', 'contradiction']","[{'contradiction': 57.6, 'neutral': 38.5, 'entailment': 3.9}, {'contradiction': 35.2, 'neutral': 47.4, 'entailment': 17.4}, {'contradiction': 7.4, 'neutral': 92.0, 'entailment': 0.7}, {'contradiction': 44.7, 'neutral': 29.8, 'entailment': 25.5}, {'contradiction': 2.8, 'neutral': 66.7, 'entailment': 30.5}, {'contradiction': 26.0, 'neutral': 35.2, 'entailment': 38.8}, {'contradiction': 31.0, 'neutral': 57.3, 'entailment': 11.6}, {'contradiction': 56.7, 'neutral': 39.9, 'entailment': 3.4}, {'contradiction': 33.9, 'neutral': 53.9, 'entailment': 12.2}, {'contradiction': 75.3, 'neutral': 21.2, 'entailment': 3.4}, {'contradiction': 48.6, 'neutral': 45.3, 'entailment': 6.1}, {'contradiction': 24.9, 'neutral': 70.6, 'entailment': 4.5}, {'contradiction': 18.7, 'neutral': 62.7, 'entailment': 18.6}, {'contradiction': 2.7, 'neutral': 49.8, 'entailment': 47.5}, {'contradiction': 79.1, 'neutral': 17.4, 'entailment': 3.5}]"
3,Thats like saying the conservatives and GOP have endlessly supported racism and bigotry for the last four decades but suddenly want everyone to tolerate and embrace white supremacist. See how ridiculous that sounds.,0.5,bias,"conservatives,whites","political,race",prejudice against conservativess,"['contradiction', 'neutral', 'neutral', 'contradiction', 'entailment', 'neutral', 'neutral', 'neutral', 'entailment', 'contradiction', 'entailment', 'neutral', 'neutral', 'contradiction', 'contradiction']","[{'contradiction': 52.0, 'neutral': 43.4, 'entailment': 4.6}, {'contradiction': 6.8, 'neutral': 57.2, 'entailment': 36.0}, {'contradiction': 21.8, 'neutral': 64.2, 'entailment': 14.0}, {'contradiction': 80.6, 'neutral': 6.5, 'entailment': 13.0}, {'contradiction': 0.7, 'neutral': 18.9, 'entailment': 80.4}, {'contradiction': 36.0, 'neutral': 53.1, 'entailment': 10.9}, {'contradiction': 6.6, 'neutral': 62.3, 'entailment': 31.2}, {'contradiction': 20.4, 'neutral': 60.9, 'entailment': 18.7}, {'contradiction': 3.3, 'neutral': 25.8, 'entailment': 70.9}, {'contradiction': 39.1, 'neutral': 35.5, 'entailment': 25.4}, {'contradiction': 2.3, 'neutral': 18.3, 'entailment': 79.3}, {'contradiction': 16.5, 'neutral': 73.3, 'entailment': 10.2}, {'contradiction': 3.1, 'neutral': 56.6, 'entailment': 40.3}, {'contradiction': 85.9, 'neutral': 11.3, 'entailment': 2.8}, {'contradiction': 58.4, 'neutral': 36.0, 'entailment': 5.7}]"
4,Agreed on most points but...  Really I want liberals and progressives to murder their babies. I dont think they should have any children. They are diseased. They shouldnt be allowed anywhere near children.,0.2625,bias,"liberals,progressives",political,prejudice against liberals and progressives,"['neutral', 'entailment', 'neutral', 'entailment', 'entailment', 'entailment', 'entailment', 'entailment', 'entailment', 'neutral', 'neutral', 'entailment', 'entailment', 'entailment', 'neutral']","[{'contradiction': 30.0, 'neutral': 49.3, 'entailment': 20.7}, {'contradiction': 1.6, 'neutral': 27.7, 'entailment': 70.7}, {'contradiction': 13.0, 'neutral': 67.4, 'entailment': 19.5}, {'contradiction': 29.4, 'neutral': 25.0, 'entailment': 45.6}, {'contradiction': 0.6, 'neutral': 32.6, 'entailment': 66.8}, {'contradiction': 11.9, 'neutral': 33.7, 'entailment': 54.5}, {'contradiction': 1.5, 'neutral': 44.0, 'entailment': 54.5}, {'contradiction': 1.9, 'neutral': 37.5, 'entailment': 60.6}, {'contradiction': 0.3, 'neutral': 18.0, 'entailment': 81.7}, {'contradiction': 20.5, 'neutral': 67.2, 'entailment': 12.3}, {'contradiction': 5.1, 'neutral': 69.9, 'entailment': 25.0}, {'contradiction': 0.0, 'neutral': 1.8, 'entailment': 98.2}, {'contradiction': 1.2, 'neutral': 20.0, 'entailment': 78.8}, {'contradiction': 13.6, 'neutral': 29.5, 'entailment': 56.8}, {'contradiction': 17.6, 'neutral': 61.8, 'entailment': 20.5}]"
5,When you lay down with dogs you wake up with fleas the old saying says.  This rightwing absolutist Christian would have little appeal to thinking people.  But American isAmerica.,0.5,bias,"right wing,christians","political,religion",prejudice against right wing christians,"['contradiction', 'entailment', 'neutral', 'contradiction', 'entailment', 'neutral', 'entailment', 'neutral', 'entailment', 'contradiction', 'neutral', 'entailment', 'entailment', 'neutral', 'contradiction']","[{'contradiction': 48.6, 'neutral': 44.3, 'entailment': 7.1}, {'contradiction': 5.2, 'neutral': 46.5, 'entailment': 48.3}, {'contradiction': 15.5, 'neutral': 45.6, 'entailment': 39.0}, {'contradiction': 69.4, 'neutral': 16.2, 'entailment': 14.4}, {'contradiction': 1.1, 'neutral': 28.9, 'entailment': 70.0}, {'contradiction': 8.5, 'neutral': 59.5, 'entailment': 31.9}, {'contradiction': 1.1, 'neutral': 35.2, 'entailment': 63.7}, {'contradiction': 5.0, 'neutral': 67.8, 'entailment': 27.2}, {'contradiction': 1.2, 'neutral': 23.1, 'entailment': 75.7}, {'contradiction': 68.4, 'neutral': 17.4, 'entailment': 14.2}, {'contradiction': 17.2, 'neutral': 53.8, 'entailment': 29.0}, {'contradiction': 4.0, 'neutral': 18.9, 'entailment': 77.1}, {'contradiction': 0.8, 'neutral': 29.9, 'entailment': 69.4}, {'contradiction': 3.5, 'neutral': 51.4, 'entailment': 45.1}, {'contradiction': 45.0, 'neutral': 34.3, 'entailment': 20.6}]"
6,Its official. Canadians have been driven to mental illness.,0.621621622,bias,canadians,political,prejudice against canadians,"['contradiction', 'neutral', 'neutral', 'contradiction', 'neutral', 'neutral', 'contradiction', 'contradiction', 'neutral', 'neutral', 'neutral', 'entailment', 'neutral', 'neutral', 'neutral']","[{'contradiction': 49.9, 'neutral': 40.8, 'entailment': 9.3}, {'contradiction': 0.5, 'neutral': 95.6, 'entailment': 3.9}, {'contradiction': 0.2, 'neutral': 99.8, 'entailment': 0.0}, {'contradiction': 65.1, 'neutral': 22.7, 'entailment': 12.2}, {'contradiction': 14.4, 'neutral': 79.6, 'entailment': 6.0}, {'contradiction': 18.9, 'neutral': 63.4, 'entailment': 17.6}, {'contradiction': 69.1, 'neutral': 23.6, 'entailment': 7.4}, {'contradiction': 54.4, 'neutral': 43.5, 'entailment': 2.1}, {'contradiction': 15.7, 'neutral': 76.5, 'entailment': 7.8}, {'contradiction': 29.2, 'neutral': 64.1, 'entailment': 6.7}, {'contradiction': 22.2, 'neutral': 70.5, 'entailment': 7.4}, {'contradiction': 1.5, 'neutral': 30.5, 'entailment': 68.0}, {'contradiction': 0.9, 'neutral': 99.0, 'entailment': 0.2}, {'contradiction': 9.0, 'neutral': 70.5, 'entailment': 20.5}, {'contradiction': 12.3, 'neutral': 66.2, 'entailment': 21.5}]"
7,Any suggestions or are you blowing smoke. You and all your liberal retards are all the same.,0.262295082,bias,liberals,political,prejudice against liberals,"['entailment', 'entailment', 'neutral', 'entailment', 'entailment', 'entailment', 'neutral', 'neutral', 'entailment', 'neutral', 'entailment', 'neutral', 'entailment', 'entailment', 'neutral']","[{'contradiction': 11.2, 'neutral': 33.9, 'entailment': 54.8}, {'contradiction': 16.4, 'neutral': 33.1, 'entailment': 50.5}, {'contradiction': 31.6, 'neutral': 61.2, 'entailment': 7.2}, {'contradiction': 15.2, 'neutral': 21.6, 'entailment': 63.2}, {'contradiction': 0.4, 'neutral': 13.8, 'entailment': 85.8}, {'contradiction': 4.5, 'neutral': 35.1, 'entailment': 60.4}, {'contradiction': 3.2, 'neutral': 71.7, 'entailment': 25.2}, {'contradiction': 10.4, 'neutral': 65.0, 'entailment': 24.7}, {'contradiction': 0.4, 'neutral': 18.7, 'entailment': 80.9}, {'contradiction': 25.3, 'neutral': 48.8, 'entailment': 25.9}, {'contradiction': 4.0, 'neutral': 41.2, 'entailment': 54.8}, {'contradiction': 2.8, 'neutral': 55.7, 'entailment': 41.5}, {'contradiction': 2.9, 'neutral': 19.1, 'entailment': 78.0}, {'contradiction': 8.5, 'neutral': 28.4, 'entailment': 63.1}, {'contradiction': 6.8, 'neutral': 66.6, 'entailment': 26.6}]"
8,The reality is that nazis neonazis white supremacists are nothing but scum.  The confederate traitors lost get over it.,0.585714286,bias,"nazis,whites","political,race",nazis and whites are scums,"['neutral', 'entailment', 'contradiction', 'contradiction', 'entailment', 'neutral', 'entailment', 'entailment', 'entailment', 'entailment', 'entailment', 'neutral', 'neutral', 'entailment', 'entailment']","[{'contradiction': 23.6, 'neutral': 54.7, 'entailment': 21.7}, {'contradiction': 3.5, 'neutral': 40.4, 'entailment': 56.1}, {'contradiction': 44.1, 'neutral': 34.9, 'entailment': 21.0}, {'contradiction': 94.5, 'neutral': 3.2, 'entailment': 2.4}, {'contradiction': 3.6, 'neutral': 45.2, 'entailment': 51.2}, {'contradiction': 18.9, 'neutral': 60.6, 'entailment': 20.4}, {'contradiction': 0.1, 'neutral': 5.9, 'entailment': 94.0}, {'contradiction': 0.5, 'neutral': 41.3, 'entailment': 58.2}, {'contradiction': 0.0, 'neutral': 1.7, 'entailment': 98.3}, {'contradiction': 0.4, 'neutral': 4.5, 'entailment': 95.2}, {'contradiction': 0.1, 'neutral': 1.7, 'entailment': 98.2}, {'contradiction': 0.9, 'neutral': 59.3, 'entailment': 39.8}, {'contradiction': 20.3, 'neutral': 51.7, 'entailment': 28.0}, {'contradiction': 27.0, 'neutral': 30.8, 'entailment': 42.2}, {'contradiction': 0.6, 'neutral': 12.0, 'entailment': 87.4}]"
9,Yep black people. That is why they are uspet. Am y of those weirdoes gaslight the protesters saying thst what they feel and protest are not real. It is what abusive people do to keep their significant others close.  I shade conservative but I have zero problem with protest.  I wonder why these red blooded Americans support Trump who hates veterans and war heroes and is a draft dodger and a coward. I guess they are hypocrites and hopelessly stupid.,0.514285714,bias,conservatives,political,prejudice against conservatives,"['entailment', 'neutral', 'neutral', 'entailment', 'entailment', 'entailment', 'entailment', 'neutral', 'entailment', 'contradiction', 'entailment', 'neutral', 'entailment', 'entailment', 'neutral']","[{'contradiction': 6.7, 'neutral': 43.8, 'entailment': 49.4}, {'contradiction': 15.0, 'neutral': 43.3, 'entailment': 41.7}, {'contradiction': 35.5, 'neutral': 52.1, 'entailment': 12.4}, {'contradiction': 28.0, 'neutral': 15.6, 'entailment': 56.4}, {'contradiction': 0.5, 'neutral': 5.4, 'entailment': 94.0}, {'contradiction': 19.3, 'neutral': 15.8, 'entailment': 64.9}, {'contradiction': 11.0, 'neutral': 43.1, 'entailment': 45.9}, {'contradiction': 34.2, 'neutral': 42.7, 'entailment': 23.2}, {'contradiction': 3.3, 'neutral': 19.6, 'entailment': 77.1}, {'contradiction': 54.8, 'neutral': 40.5, 'entailment': 4.7}, {'contradiction': 2.9, 'neutral': 21.0, 'entailment': 76.1}, {'contradiction': 15.1, 'neutral': 62.5, 'entailment': 22.4}, {'contradiction': 0.9, 'neutral': 11.2, 'entailment': 87.9}, {'contradiction': 1.5, 'neutral': 6.8, 'entailment': 91.7}, {'contradiction': 30.4, 'neutral': 38.6, 'entailment': 31.0}]"
10,There was a time when the Democrats appealed to the racists by opposing integration today these Democrats appeal to the racists by killing blackbrown babies truly disgusting.,0.6,bias,democrats,political,prejudice against democrats,"['contradiction', 'neutral', 'entailment', 'entailment', 'entailment', 'entailment', 'entailment', 'entailment', 'entailment', 'neutral', 'entailment', 'neutral', 'entailment', 'entailment', 'neutral']","[{'contradiction': 64.2, 'neutral': 33.6, 'entailment': 2.2}, {'contradiction': 4.6, 'neutral': 70.5, 'entailment': 24.9}, {'contradiction': 2.7, 'neutral': 16.4, 'entailment': 80.9}, {'contradiction': 33.8, 'neutral': 21.4, 'entailment': 44.8}, {'contradiction': 0.3, 'neutral': 13.7, 'entailment': 86.0}, {'contradiction': 17.1, 'neutral': 36.8, 'entailment': 46.1}, {'contradiction': 0.3, 'neutral': 5.6, 'entailment': 94.0}, {'contradiction': 1.1, 'neutral': 14.4, 'entailment': 84.6}, {'contradiction': 1.0, 'neutral': 13.0, 'entailment': 86.0}, {'contradiction': 13.1, 'neutral': 46.5, 'entailment': 40.4}, {'contradiction': 0.3, 'neutral': 4.2, 'entailment': 95.5}, {'contradiction': 4.0, 'neutral': 68.3, 'entailment': 27.7}, {'contradiction': 0.4, 'neutral': 12.8, 'entailment': 86.8}, {'contradiction': 26.7, 'neutral': 15.2, 'entailment': 58.1}, {'contradiction': 14.4, 'neutral': 56.6, 'entailment': 29.0}]"
11,There is no group in this country more opportunistic and more hypocritical than the leadership of the rightwing Evangelical movement. These are the people who with straight faces endorsed Donald Trump for president because they believe hes a sincere Christian. In a pigs eye.  John Hagee values Jews in Israel the same way a chess player values pawns. Theyre useful at a certain point in the game but ultimately expendable.,0.6,bias,"conservatives,jews","political,religion",prejudice against conservatives and jews,"['contradiction', 'entailment', 'entailment', 'contradiction', 'entailment', 'entailment', 'entailment', 'contradiction', 'entailment', 'contradiction', 'entailment', 'neutral', 'entailment', 'entailment', 'neutral']","[{'contradiction': 78.9, 'neutral': 14.2, 'entailment': 6.9}, {'contradiction': 11.2, 'neutral': 24.8, 'entailment': 64.0}, {'contradiction': 7.5, 'neutral': 20.7, 'entailment': 71.8}, {'contradiction': 91.6, 'neutral': 3.6, 'entailment': 4.8}, {'contradiction': 0.3, 'neutral': 2.4, 'entailment': 97.3}, {'contradiction': 26.2, 'neutral': 35.0, 'entailment': 38.7}, {'contradiction': 2.2, 'neutral': 23.3, 'entailment': 74.5}, {'contradiction': 45.3, 'neutral': 38.1, 'entailment': 16.6}, {'contradiction': 1.4, 'neutral': 13.4, 'entailment': 85.2}, {'contradiction': 40.9, 'neutral': 31.8, 'entailment': 27.3}, {'contradiction': 8.5, 'neutral': 41.4, 'entailment': 50.2}, {'contradiction': 11.6, 'neutral': 58.7, 'entailment': 29.7}, {'contradiction': 2.6, 'neutral': 16.5, 'entailment': 80.9}, {'contradiction': 3.3, 'neutral': 10.0, 'entailment': 86.8}, {'contradiction': 32.8, 'neutral': 40.3, 'entailment': 26.9}]"
12,Racist whitehating libtard.,0.557142857,bias,liberals,political,prejudice against liberals,"['neutral', 'entailment', 'neutral', 'entailment', 'entailment', 'entailment', 'entailment', 'neutral', 'entailment', 'neutral', 'entailment', 'neutral', 'neutral', 'entailment', 'entailment']","[{'contradiction': 27.6, 'neutral': 40.5, 'entailment': 31.9}, {'contradiction': 0.8, 'neutral': 27.7, 'entailment': 71.5}, {'contradiction': 3.3, 'neutral': 78.5, 'entailment': 18.3}, {'contradiction': 23.6, 'neutral': 22.5, 'entailment': 53.9}, {'contradiction': 0.7, 'neutral': 27.8, 'entailment': 71.6}, {'contradiction': 0.6, 'neutral': 25.0, 'entailment': 74.5}, {'contradiction': 0.4, 'neutral': 32.1, 'entailment': 67.5}, {'contradiction': 1.4, 'neutral': 69.8, 'entailment': 28.8}, {'contradiction': 0.0, 'neutral': 7.6, 'entailment': 92.4}, {'contradiction': 0.7, 'neutral': 51.6, 'entailment': 47.7}, {'contradiction': 0.1, 'neutral': 16.7, 'entailment': 83.2}, {'contradiction': 0.9, 'neutral': 73.2, 'entailment': 25.8}, {'contradiction': 0.4, 'neutral': 96.0, 'entailment': 3.5}, {'contradiction': 0.9, 'neutral': 23.2, 'entailment': 75.8}, {'contradiction': 0.6, 'neutral': 37.9, 'entailment': 61.5}]"
13,This story is about a left wing black man who expresses disdain for President Donald Trump and white people generally. Im not sure about the purpose of your rant.,0.8,bias,"left,blacks,whites","political,race",prejudice against political belief and race,"['neutral', 'neutral', 'neutral', 'contradiction', 'neutral', 'contradiction', 'neutral', 'neutral', 'entailment', 'contradiction', 'entailment', 'neutral', 'entailment', 'entailment', 'neutral']","[{'contradiction': 42.7, 'neutral': 55.6, 'entailment': 1.7}, {'contradiction': 3.8, 'neutral': 79.0, 'entailment': 17.2}, {'contradiction': 13.4, 'neutral': 84.5, 'entailment': 2.1}, {'contradiction': 76.7, 'neutral': 15.5, 'entailment': 7.8}, {'contradiction': 2.4, 'neutral': 75.9, 'entailment': 21.7}, {'contradiction': 63.7, 'neutral': 30.9, 'entailment': 5.4}, {'contradiction': 22.2, 'neutral': 72.7, 'entailment': 5.1}, {'contradiction': 14.8, 'neutral': 82.2, 'entailment': 3.0}, {'contradiction': 1.9, 'neutral': 40.6, 'entailment': 57.5}, {'contradiction': 69.4, 'neutral': 27.4, 'entailment': 3.1}, {'contradiction': 4.2, 'neutral': 43.1, 'entailment': 52.7}, {'contradiction': 15.4, 'neutral': 81.2, 'entailment': 3.5}, {'contradiction': 0.5, 'neutral': 38.1, 'entailment': 61.4}, {'contradiction': 4.4, 'neutral': 39.7, 'entailment': 55.9}, {'contradiction': 12.2, 'neutral': 61.0, 'entailment': 26.8}]"
14,Im liberalophobic They scare me with their PC fascism.  Their vapid stupid lies that they are out to help people. millions killed by their invented drug culture.  Their unreasoned hate of the white majority in favor of any minority no matter how insignificant in population.  Their lockstep kneejerk reactionary mentality to any cause that is antiAmerican.    Their inability to fathom that progressivism is actually regressivism as all of their beliefs have been tried before even begetting  doomed civilizations because of the same philosophy.,0.5,bias,liberals,political,prejudice against liberals,"['contradiction', 'neutral', 'entailment', 'contradiction', 'entailment', 'neutral', 'entailment', 'neutral', 'entailment', 'neutral', 'entailment', 'entailment', 'entailment', 'entailment', 'entailment']","[{'contradiction': 55.6, 'neutral': 32.4, 'entailment': 12.0}, {'contradiction': 15.1, 'neutral': 47.8, 'entailment': 37.1}, {'contradiction': 13.5, 'neutral': 19.4, 'entailment': 67.1}, {'contradiction': 45.7, 'neutral': 33.4, 'entailment': 20.9}, {'contradiction': 0.9, 'neutral': 9.8, 'entailment': 89.3}, {'contradiction': 12.4, 'neutral': 46.9, 'entailment': 40.8}, {'contradiction': 0.8, 'neutral': 21.5, 'entailment': 77.7}, {'contradiction': 25.1, 'neutral': 39.3, 'entailment': 35.6}, {'contradiction': 0.4, 'neutral': 3.6, 'entailment': 95.9}, {'contradiction': 9.1, 'neutral': 52.8, 'entailment': 38.2}, {'contradiction': 9.3, 'neutral': 22.0, 'entailment': 68.7}, {'contradiction': 1.5, 'neutral': 29.5, 'entailment': 69.0}, {'contradiction': 0.1, 'neutral': 3.7, 'entailment': 96.2}, {'contradiction': 0.7, 'neutral': 2.4, 'entailment': 96.9}, {'contradiction': 3.6, 'neutral': 9.7, 'entailment': 86.7}]"
15,The only snowflakes I see are the insecure white supremacists and the Nazi pansies.,0.594594595,bias,"whites, nazi","race,political",prejudice against whites and nazis,"['neutral', 'entailment', 'neutral', 'contradiction', 'entailment', 'entailment', 'entailment', 'neutral', 'entailment', 'entailment', 'entailment', 'neutral', 'entailment', 'entailment', 'entailment']","[{'contradiction': 27.9, 'neutral': 41.1, 'entailment': 31.0}, {'contradiction': 10.4, 'neutral': 41.8, 'entailment': 47.7}, {'contradiction': 8.5, 'neutral': 75.5, 'entailment': 16.0}, {'contradiction': 81.5, 'neutral': 6.7, 'entailment': 11.8}, {'contradiction': 1.1, 'neutral': 25.5, 'entailment': 73.4}, {'contradiction': 2.2, 'neutral': 47.7, 'entailment': 50.1}, {'contradiction': 0.7, 'neutral': 41.6, 'entailment': 57.7}, {'contradiction': 3.1, 'neutral': 70.5, 'entailment': 26.4}, {'contradiction': 0.1, 'neutral': 6.9, 'entailment': 93.0}, {'contradiction': 0.1, 'neutral': 2.2, 'entailment': 97.7}, {'contradiction': 0.1, 'neutral': 6.7, 'entailment': 93.2}, {'contradiction': 2.1, 'neutral': 86.9, 'entailment': 11.1}, {'contradiction': 2.1, 'neutral': 48.7, 'entailment': 49.3}, {'contradiction': 4.4, 'neutral': 27.7, 'entailment': 67.9}, {'contradiction': 1.3, 'neutral': 36.5, 'entailment': 62.2}]"
16,Not possible with all the bloodthirsty leftists and Islamists out there.,0.8,bias,"left wing,muslims","political,religion",prejudice against left wing and muslims,"['contradiction', 'neutral', 'entailment', 'entailment', 'neutral', 'entailment', 'entailment', 'entailment', 'entailment', 'contradiction', 'neutral', 'neutral', 'neutral', 'neutral', 'neutral']","[{'contradiction': 84.3, 'neutral': 15.2, 'entailment': 0.4}, {'contradiction': 18.1, 'neutral': 53.3, 'entailment': 28.6}, {'contradiction': 5.1, 'neutral': 24.6, 'entailment': 70.3}, {'contradiction': 37.7, 'neutral': 22.4, 'entailment': 39.9}, {'contradiction': 12.1, 'neutral': 51.7, 'entailment': 36.2}, {'contradiction': 4.4, 'neutral': 46.3, 'entailment': 49.3}, {'contradiction': 0.2, 'neutral': 10.2, 'entailment': 89.7}, {'contradiction': 0.1, 'neutral': 2.4, 'entailment': 97.6}, {'contradiction': 0.4, 'neutral': 10.3, 'entailment': 89.3}, {'contradiction': 49.3, 'neutral': 34.4, 'entailment': 16.3}, {'contradiction': 24.8, 'neutral': 48.9, 'entailment': 26.3}, {'contradiction': 13.2, 'neutral': 79.2, 'entailment': 7.6}, {'contradiction': 3.1, 'neutral': 61.7, 'entailment': 35.2}, {'contradiction': 5.6, 'neutral': 57.1, 'entailment': 37.2}, {'contradiction': 6.4, 'neutral': 49.2, 'entailment': 44.4}]"
17,Liberalism is a mental disorder  Only White Western leftist hate their own race color country and flag.  This happens no where else on the planet.  Pretty simple  No reverse spin propaganda needed,0.5625,bias,"liberals,whites","political,race",prejudice against liberals and whites,"['contradiction', 'entailment', 'contradiction', 'contradiction', 'entailment', 'contradiction', 'neutral', 'neutral', 'entailment', 'contradiction', 'entailment', 'entailment', 'entailment', 'contradiction', 'entailment']","[{'contradiction': 91.1, 'neutral': 7.2, 'entailment': 1.8}, {'contradiction': 1.7, 'neutral': 8.1, 'entailment': 90.3}, {'contradiction': 55.3, 'neutral': 32.1, 'entailment': 12.6}, {'contradiction': 96.7, 'neutral': 2.2, 'entailment': 1.0}, {'contradiction': 2.6, 'neutral': 23.1, 'entailment': 74.3}, {'contradiction': 56.2, 'neutral': 39.3, 'entailment': 4.5}, {'contradiction': 29.6, 'neutral': 60.8, 'entailment': 9.6}, {'contradiction': 40.9, 'neutral': 48.0, 'entailment': 11.0}, {'contradiction': 0.9, 'neutral': 5.6, 'entailment': 93.5}, {'contradiction': 71.7, 'neutral': 20.0, 'entailment': 8.3}, {'contradiction': 3.8, 'neutral': 15.7, 'entailment': 80.5}, {'contradiction': 0.1, 'neutral': 1.7, 'entailment': 98.1}, {'contradiction': 8.6, 'neutral': 33.6, 'entailment': 57.7}, {'contradiction': 44.8, 'neutral': 14.1, 'entailment': 41.1}, {'contradiction': 1.6, 'neutral': 3.3, 'entailment': 95.1}]"
18,You have the disgraceful temerity to draw a moral equivalence between the Holocaust and the Jewish recovery miracle and the Palestinian fourth generation UN titsucking Jewhating refugee bullshit story. Its exceedingly charitable to describe you as a libtard.,0.671428571,bias,liberals,political,prejudice against liberals,"['entailment', 'entailment', 'neutral', 'entailment', 'entailment', 'entailment', 'entailment', 'contradiction', 'entailment', 'entailment', 'entailment', 'entailment', 'neutral', 'entailment', 'entailment']","[{'contradiction': 6.1, 'neutral': 13.2, 'entailment': 80.6}, {'contradiction': 5.8, 'neutral': 32.9, 'entailment': 61.3}, {'contradiction': 28.1, 'neutral': 70.3, 'entailment': 1.6}, {'contradiction': 16.2, 'neutral': 15.0, 'entailment': 68.7}, {'contradiction': 1.8, 'neutral': 18.3, 'entailment': 79.9}, {'contradiction': 16.6, 'neutral': 20.8, 'entailment': 62.6}, {'contradiction': 1.6, 'neutral': 16.9, 'entailment': 81.5}, {'contradiction': 55.9, 'neutral': 31.2, 'entailment': 12.8}, {'contradiction': 7.5, 'neutral': 23.7, 'entailment': 68.7}, {'contradiction': 27.8, 'neutral': 15.8, 'entailment': 56.5}, {'contradiction': 8.2, 'neutral': 23.0, 'entailment': 68.8}, {'contradiction': 2.5, 'neutral': 41.7, 'entailment': 55.8}, {'contradiction': 10.0, 'neutral': 64.3, 'entailment': 25.6}, {'contradiction': 14.5, 'neutral': 37.4, 'entailment': 48.1}, {'contradiction': 35.0, 'neutral': 20.9, 'entailment': 44.1}]"
19,Feminism is for everybody? Not bloody likely. Have u seen the modern day feminists on college campuses? They go on and on about a rape culture on campus. They still hate men. They need their safe spaces to protect themselves from other points of view. Sorry todays Feminism is like a cancer.,0.55,bias,feminists,political,prejudice against feminists,"['contradiction', 'entailment', 'neutral', 'contradiction', 'entailment', 'entailment', 'neutral', 'neutral', 'entailment', 'neutral', 'contradiction', 'entailment', 'entailment', 'entailment', 'contradiction']","[{'contradiction': 65.6, 'neutral': 27.2, 'entailment': 7.2}, {'contradiction': 10.7, 'neutral': 41.3, 'entailment': 48.0}, {'contradiction': 10.1, 'neutral': 58.8, 'entailment': 31.2}, {'contradiction': 64.4, 'neutral': 16.3, 'entailment': 19.3}, {'contradiction': 0.6, 'neutral': 19.8, 'entailment': 79.6}, {'contradiction': 27.3, 'neutral': 21.6, 'entailment': 51.1}, {'contradiction': 20.7, 'neutral': 56.2, 'entailment': 23.1}, {'contradiction': 37.1, 'neutral': 54.3, 'entailment': 8.6}, {'contradiction': 0.6, 'neutral': 14.0, 'entailment': 85.3}, {'contradiction': 19.9, 'neutral': 66.8, 'entailment': 13.3}, {'contradiction': 48.9, 'neutral': 41.4, 'entailment': 9.8}, {'contradiction': 0.4, 'neutral': 3.8, 'entailment': 95.7}, {'contradiction': 0.7, 'neutral': 22.8, 'entailment': 76.5}, {'contradiction': 5.4, 'neutral': 21.3, 'entailment': 73.3}, {'contradiction': 63.9, 'neutral': 27.2, 'entailment': 8.9}]"
20,Are you kidding me?  Republicans are the party of hate. How about that church with 4 little black girls?  The Brooks Brothers Riot every KKK and Neo Nazi march and lynching. Its not all firebombs. .,0.5,bias,republicans,political,prejudice against blacks,"['contradiction', 'entailment', 'entailment', 'contradiction', 'entailment', 'entailment', 'entailment', 'entailment', 'entailment', 'entailment', 'entailment', 'neutral', 'entailment', 'contradiction', 'entailment']","[{'contradiction': 65.4, 'neutral': 28.8, 'entailment': 5.8}, {'contradiction': 6.0, 'neutral': 38.6, 'entailment': 55.4}, {'contradiction': 2.4, 'neutral': 42.5, 'entailment': 55.1}, {'contradiction': 55.0, 'neutral': 13.0, 'entailment': 32.0}, {'contradiction': 1.9, 'neutral': 26.9, 'entailment': 71.2}, {'contradiction': 3.3, 'neutral': 32.6, 'entailment': 64.0}, {'contradiction': 0.3, 'neutral': 4.3, 'entailment': 95.4}, {'contradiction': 0.2, 'neutral': 2.8, 'entailment': 97.0}, {'contradiction': 0.1, 'neutral': 2.1, 'entailment': 97.8}, {'contradiction': 0.1, 'neutral': 0.9, 'entailment': 98.9}, {'contradiction': 0.2, 'neutral': 2.5, 'entailment': 97.4}, {'contradiction': 3.0, 'neutral': 66.9, 'entailment': 30.2}, {'contradiction': 2.4, 'neutral': 12.6, 'entailment': 85.1}, {'contradiction': 50.0, 'neutral': 14.8, 'entailment': 35.3}, {'contradiction': 1.6, 'neutral': 16.0, 'entailment': 82.4}]"
21,Yet another example of the villification of men by the feminacry. Disgusting.,0.257575758,bias,feminists,political,prejudice against feminists,"['neutral', 'neutral', 'neutral', 'contradiction', 'neutral', 'neutral', 'neutral', 'neutral', 'neutral', 'neutral', 'neutral', 'neutral', 'neutral', 'neutral', 'neutral']","[{'contradiction': 19.6, 'neutral': 78.5, 'entailment': 1.8}, {'contradiction': 7.2, 'neutral': 90.0, 'entailment': 2.8}, {'contradiction': 1.6, 'neutral': 93.8, 'entailment': 4.6}, {'contradiction': 61.3, 'neutral': 29.8, 'entailment': 8.9}, {'contradiction': 1.0, 'neutral': 68.7, 'entailment': 30.4}, {'contradiction': 4.3, 'neutral': 48.9, 'entailment': 46.7}, {'contradiction': 2.2, 'neutral': 85.2, 'entailment': 12.5}, {'contradiction': 8.8, 'neutral': 87.4, 'entailment': 3.8}, {'contradiction': 2.3, 'neutral': 83.0, 'entailment': 14.7}, {'contradiction': 33.5, 'neutral': 65.2, 'entailment': 1.3}, {'contradiction': 17.6, 'neutral': 75.1, 'entailment': 7.3}, {'contradiction': 2.8, 'neutral': 88.3, 'entailment': 8.9}, {'contradiction': 0.6, 'neutral': 94.3, 'entailment': 5.1}, {'contradiction': 2.1, 'neutral': 77.4, 'entailment': 20.5}, {'contradiction': 17.4, 'neutral': 78.8, 'entailment': 3.8}]"
22,All those KKK cross burning white guys were Democrats. They hated Republicans and killed Lincoln for it.,0.52,bias,democrats,political,prejudice against democrats,"['contradiction', 'neutral', 'neutral', 'contradiction', 'neutral', 'neutral', 'entailment', 'entailment', 'entailment', 'contradiction', 'entailment', 'neutral', 'entailment', 'entailment', 'entailment']","[{'contradiction': 60.7, 'neutral': 38.2, 'entailment': 1.1}, {'contradiction': 11.2, 'neutral': 81.1, 'entailment': 7.7}, {'contradiction': 19.8, 'neutral': 75.0, 'entailment': 5.2}, {'contradiction': 94.1, 'neutral': 3.0, 'entailment': 2.9}, {'contradiction': 1.1, 'neutral': 60.2, 'entailment': 38.8}, {'contradiction': 13.5, 'neutral': 51.5, 'entailment': 35.0}, {'contradiction': 0.1, 'neutral': 4.0, 'entailment': 95.9}, {'contradiction': 0.2, 'neutral': 3.7, 'entailment': 96.1}, {'contradiction': 0.3, 'neutral': 8.1, 'entailment': 91.6}, {'contradiction': 64.5, 'neutral': 15.9, 'entailment': 19.6}, {'contradiction': 0.7, 'neutral': 9.9, 'entailment': 89.4}, {'contradiction': 19.2, 'neutral': 78.7, 'entailment': 2.2}, {'contradiction': 0.8, 'neutral': 17.5, 'entailment': 81.7}, {'contradiction': 2.4, 'neutral': 40.2, 'entailment': 57.3}, {'contradiction': 2.9, 'neutral': 23.4, 'entailment': 73.7}]"
23,I agree with you the white lefties globalists are the most hypocritical humans of them all. They are the cancer of the white race Being racist doesnt mean to be cruel to other races.When a black woman told me that with 10 whites left on earth in 2016 there were 9 too many.Now  that is not racism but cruelty.,0.6,bias,"left wing, blacks, whites","political, race","prejudice against lefts,blacks and whites","['neutral', 'neutral', 'neutral', 'contradiction', 'entailment', 'neutral', 'entailment', 'neutral', 'entailment', 'neutral', 'entailment', 'entailment', 'entailment', 'entailment', 'neutral']","[{'contradiction': 26.7, 'neutral': 63.9, 'entailment': 9.4}, {'contradiction': 1.3, 'neutral': 53.3, 'entailment': 45.4}, {'contradiction': 8.7, 'neutral': 65.9, 'entailment': 25.4}, {'contradiction': 61.7, 'neutral': 20.6, 'entailment': 17.7}, {'contradiction': 0.0, 'neutral': 1.5, 'entailment': 98.5}, {'contradiction': 17.9, 'neutral': 67.4, 'entailment': 14.7}, {'contradiction': 1.1, 'neutral': 31.0, 'entailment': 67.9}, {'contradiction': 18.0, 'neutral': 66.4, 'entailment': 15.6}, {'contradiction': 1.2, 'neutral': 14.4, 'entailment': 84.4}, {'contradiction': 20.9, 'neutral': 70.5, 'entailment': 8.6}, {'contradiction': 0.3, 'neutral': 4.5, 'entailment': 95.2}, {'contradiction': 0.1, 'neutral': 11.2, 'entailment': 88.7}, {'contradiction': 0.6, 'neutral': 27.8, 'entailment': 71.6}, {'contradiction': 13.6, 'neutral': 31.8, 'entailment': 54.6}, {'contradiction': 14.8, 'neutral': 61.0, 'entailment': 24.2}]"
24,At least I am not Rachel Dolzeal type appropriating an Indian name to covered for your liberal whiteness. There is nothing to address when you are dealing with someone who just like to type for typing sakes making it worst that anything you write is full of donkeys waste. My apologizes too all the donkeys in the world for that politically insensitive comments,0.5,bias,liberals,political,prejudice against liberals,"['contradiction', 'contradiction', 'contradiction', 'contradiction', 'neutral', 'contradiction', 'neutral', 'contradiction', 'neutral', 'neutral', 'neutral', 'neutral', 'contradiction', 'contradiction', 'contradiction']","[{'contradiction': 77.4, 'neutral': 19.2, 'entailment': 3.4}, {'contradiction': 64.0, 'neutral': 29.8, 'entailment': 6.2}, {'contradiction': 62.4, 'neutral': 25.3, 'entailment': 12.3}, {'contradiction': 62.9, 'neutral': 20.2, 'entailment': 17.0}, {'contradiction': 8.5, 'neutral': 59.9, 'entailment': 31.6}, {'contradiction': 55.8, 'neutral': 31.5, 'entailment': 12.7}, {'contradiction': 28.7, 'neutral': 56.3, 'entailment': 15.0}, {'contradiction': 88.4, 'neutral': 11.1, 'entailment': 0.5}, {'contradiction': 35.2, 'neutral': 43.4, 'entailment': 21.4}, {'contradiction': 43.7, 'neutral': 54.5, 'entailment': 1.8}, {'contradiction': 31.3, 'neutral': 42.4, 'entailment': 26.3}, {'contradiction': 28.0, 'neutral': 69.0, 'entailment': 3.0}, {'contradiction': 39.2, 'neutral': 26.0, 'entailment': 34.8}, {'contradiction': 50.7, 'neutral': 26.6, 'entailment': 22.7}, {'contradiction': 72.4, 'neutral': 25.2, 'entailment': 2.3}]"
25,Yep. Its good to know which right wingtards are antiwoman.,0.5,bias,"right wing,women","political,gender",prejudice against rights and women,"['contradiction', 'neutral', 'neutral', 'contradiction', 'entailment', 'entailment', 'neutral', 'neutral', 'entailment', 'neutral', 'entailment', 'neutral', 'neutral', 'entailment', 'neutral']","[{'contradiction': 49.7, 'neutral': 46.0, 'entailment': 4.3}, {'contradiction': 7.1, 'neutral': 75.7, 'entailment': 17.2}, {'contradiction': 11.1, 'neutral': 77.9, 'entailment': 11.0}, {'contradiction': 92.4, 'neutral': 4.3, 'entailment': 3.3}, {'contradiction': 1.1, 'neutral': 39.5, 'entailment': 59.3}, {'contradiction': 0.7, 'neutral': 21.5, 'entailment': 77.8}, {'contradiction': 0.8, 'neutral': 58.1, 'entailment': 41.2}, {'contradiction': 0.6, 'neutral': 89.9, 'entailment': 9.5}, {'contradiction': 0.1, 'neutral': 6.8, 'entailment': 93.1}, {'contradiction': 4.7, 'neutral': 72.9, 'entailment': 22.4}, {'contradiction': 0.9, 'neutral': 48.0, 'entailment': 51.1}, {'contradiction': 3.0, 'neutral': 86.3, 'entailment': 10.7}, {'contradiction': 0.9, 'neutral': 79.0, 'entailment': 20.1}, {'contradiction': 5.3, 'neutral': 46.3, 'entailment': 48.5}, {'contradiction': 7.0, 'neutral': 80.5, 'entailment': 12.6}]"
26,Republicans are such predictable hypocrites. You can safely bet that whatever they are obsessed with and accusing the other side of doing is what they are actually doing.  private emails? check. Take Rep. Tim Murphy RPA for example. Rep. Murphy is a fine upstanding Republican with a wife and a mistress. Good redblooded guy who is now implicated in his girlfriends divorce. In texts produced in connection with court proceedings a possible pregnancy became something to manage when Murphy and his lady friend Shannon Edwards thought she might be pregnant. And you have zero issue posting your prolife stance all over the place when you had no issue asking me to abort our unborn child just last week Shannon Edwards wrote. Murphy answered her writing I get what you say about my March for life messages. Ive never written them. Staff does them. I read them and winced. I told staff dont write any more. I will. How long can it be before we find out McConnell is transgender?,0.5,bias,conservatives,political,prejudice against conservatives,"['contradiction', 'entailment', 'neutral', 'entailment', 'entailment', 'entailment', 'entailment', 'neutral', 'entailment', 'contradiction', 'contradiction', 'neutral', 'entailment', 'entailment', 'neutral']","[{'contradiction': 71.5, 'neutral': 18.9, 'entailment': 9.5}, {'contradiction': 15.5, 'neutral': 20.1, 'entailment': 64.5}, {'contradiction': 18.3, 'neutral': 42.2, 'entailment': 39.5}, {'contradiction': 4.4, 'neutral': 6.2, 'entailment': 89.4}, {'contradiction': 0.1, 'neutral': 0.5, 'entailment': 99.5}, {'contradiction': 37.1, 'neutral': 14.9, 'entailment': 47.9}, {'contradiction': 2.3, 'neutral': 20.5, 'entailment': 77.2}, {'contradiction': 29.5, 'neutral': 51.2, 'entailment': 19.3}, {'contradiction': 2.7, 'neutral': 23.6, 'entailment': 73.7}, {'contradiction': 47.1, 'neutral': 38.7, 'entailment': 14.2}, {'contradiction': 46.6, 'neutral': 39.6, 'entailment': 13.9}, {'contradiction': 16.5, 'neutral': 57.0, 'entailment': 26.5}, {'contradiction': 0.6, 'neutral': 4.0, 'entailment': 95.4}, {'contradiction': 19.9, 'neutral': 17.9, 'entailment': 62.2}, {'contradiction': 36.6, 'neutral': 45.0, 'entailment': 18.4}]"
27,Why are papers like the Toronto Star failing. Maybe because they have been hijacked by radical feminists and antiwhite militant.,0.636363636,bias,"feminists,whites","political,race",prejudice against feminists and whites,"['contradiction', 'neutral', 'entailment', 'contradiction', 'neutral', 'entailment', 'neutral', 'neutral', 'entailment', 'neutral', 'neutral', 'neutral', 'entailment', 'entailment', 'neutral']","[{'contradiction': 79.2, 'neutral': 20.2, 'entailment': 0.6}, {'contradiction': 27.0, 'neutral': 68.2, 'entailment': 4.7}, {'contradiction': 3.3, 'neutral': 47.9, 'entailment': 48.8}, {'contradiction': 53.0, 'neutral': 19.3, 'entailment': 27.7}, {'contradiction': 4.1, 'neutral': 58.3, 'entailment': 37.6}, {'contradiction': 5.7, 'neutral': 22.7, 'entailment': 71.6}, {'contradiction': 10.7, 'neutral': 79.6, 'entailment': 9.7}, {'contradiction': 4.9, 'neutral': 85.7, 'entailment': 9.4}, {'contradiction': 1.1, 'neutral': 41.8, 'entailment': 57.1}, {'contradiction': 30.9, 'neutral': 58.0, 'entailment': 11.0}, {'contradiction': 6.2, 'neutral': 57.0, 'entailment': 36.8}, {'contradiction': 10.7, 'neutral': 78.8, 'entailment': 10.5}, {'contradiction': 0.0, 'neutral': 6.3, 'entailment': 93.7}, {'contradiction': 3.5, 'neutral': 24.6, 'entailment': 71.9}, {'contradiction': 12.3, 'neutral': 50.8, 'entailment': 36.9}]"
28,... take a shower Dyrtymary you stink of Cheetolini and Republican FILTH.  Go fake pray for a while ... you christians are good at frittering away your time doing ZERO good in the world.,0.528571429,bias,"republicans,christians","political,religion",prejudice against republicans and christians,"['contradiction', 'neutral', 'neutral', 'contradiction', 'entailment', 'entailment', 'neutral', 'contradiction', 'entailment', 'contradiction', 'neutral', 'neutral', 'entailment', 'entailment', 'neutral']","[{'contradiction': 41.1, 'neutral': 37.9, 'entailment': 21.0}, {'contradiction': 24.1, 'neutral': 51.2, 'entailment': 24.7}, {'contradiction': 8.2, 'neutral': 60.5, 'entailment': 31.3}, {'contradiction': 68.0, 'neutral': 13.9, 'entailment': 18.1}, {'contradiction': 0.2, 'neutral': 7.2, 'entailment': 92.5}, {'contradiction': 16.1, 'neutral': 33.2, 'entailment': 50.7}, {'contradiction': 13.0, 'neutral': 50.6, 'entailment': 36.5}, {'contradiction': 65.7, 'neutral': 26.4, 'entailment': 7.9}, {'contradiction': 2.0, 'neutral': 18.5, 'entailment': 79.5}, {'contradiction': 44.5, 'neutral': 35.5, 'entailment': 20.0}, {'contradiction': 16.8, 'neutral': 48.6, 'entailment': 34.6}, {'contradiction': 5.4, 'neutral': 50.2, 'entailment': 44.4}, {'contradiction': 9.3, 'neutral': 28.7, 'entailment': 62.0}, {'contradiction': 7.4, 'neutral': 45.2, 'entailment': 47.4}, {'contradiction': 39.4, 'neutral': 43.3, 'entailment': 17.3}]"
29,If wonder if this means feminists will be going back and disowning things like Valerie Solanas S.C.U.M. Manifiesto. S.C.U.M.? Society for Cutting Up Men. And statements likening all heterosexual sex to rape? Andrea Dworkin Catharine MacKinnon and their activist sisters all to be disowned now?,0.271428571,bias,feminists,political,prejudice against feminists,"['contradiction', 'neutral', 'neutral', 'contradiction', 'entailment', 'entailment', 'entailment', 'entailment', 'entailment', 'neutral', 'neutral', 'neutral', 'entailment', 'entailment', 'contradiction']","[{'contradiction': 60.8, 'neutral': 35.7, 'entailment': 3.5}, {'contradiction': 3.2, 'neutral': 65.1, 'entailment': 31.7}, {'contradiction': 11.5, 'neutral': 84.3, 'entailment': 4.2}, {'contradiction': 46.3, 'neutral': 20.3, 'entailment': 33.4}, {'contradiction': 0.7, 'neutral': 29.1, 'entailment': 70.2}, {'contradiction': 1.6, 'neutral': 7.2, 'entailment': 91.2}, {'contradiction': 1.7, 'neutral': 36.7, 'entailment': 61.6}, {'contradiction': 1.3, 'neutral': 41.5, 'entailment': 57.2}, {'contradiction': 0.5, 'neutral': 20.6, 'entailment': 78.9}, {'contradiction': 23.0, 'neutral': 57.9, 'entailment': 19.1}, {'contradiction': 29.6, 'neutral': 54.5, 'entailment': 15.8}, {'contradiction': 5.8, 'neutral': 69.5, 'entailment': 24.7}, {'contradiction': 1.5, 'neutral': 45.7, 'entailment': 52.8}, {'contradiction': 3.7, 'neutral': 17.8, 'entailment': 78.5}, {'contradiction': 67.5, 'neutral': 25.7, 'entailment': 6.9}]"
30,All these gays have to do is make some medical complaint and say that they need to have a sex change to resolve their problem...yes implants hormone supply drug maintenance for the sex change etc. will be paid by the military.  They will even pull out all of your teeth is you have a complaint and have implants done if that makes the service person feel and perform better.  Me too only a tax payer and guys like our AG senators and reps will oppose Trump no matter if it is the wrong thing to do.  Liberals will bring down the USA,0.8,bias,"gays, liberals","lgbtq,political",prejudice against gays and liberals,"['contradiction', 'neutral', 'neutral', 'entailment', 'entailment', 'entailment', 'entailment', 'entailment', 'entailment', 'contradiction', 'neutral', 'entailment', 'entailment', 'entailment', 'entailment']","[{'contradiction': 85.8, 'neutral': 11.9, 'entailment': 2.3}, {'contradiction': 30.5, 'neutral': 43.0, 'entailment': 26.4}, {'contradiction': 15.1, 'neutral': 44.0, 'entailment': 40.9}, {'contradiction': 1.0, 'neutral': 2.5, 'entailment': 96.5}, {'contradiction': 1.1, 'neutral': 14.0, 'entailment': 84.9}, {'contradiction': 2.7, 'neutral': 6.8, 'entailment': 90.4}, {'contradiction': 2.2, 'neutral': 19.2, 'entailment': 78.6}, {'contradiction': 23.9, 'neutral': 37.3, 'entailment': 38.9}, {'contradiction': 3.7, 'neutral': 18.7, 'entailment': 77.6}, {'contradiction': 37.7, 'neutral': 34.6, 'entailment': 27.7}, {'contradiction': 34.0, 'neutral': 39.4, 'entailment': 26.6}, {'contradiction': 10.1, 'neutral': 35.5, 'entailment': 54.4}, {'contradiction': 0.2, 'neutral': 2.5, 'entailment': 97.3}, {'contradiction': 2.2, 'neutral': 10.7, 'entailment': 87.1}, {'contradiction': 14.6, 'neutral': 21.6, 'entailment': 63.8}]"
31,Stephen ? Which are you ? a proud Homophobe ? Xenophobe ? Racist ? Or another closeted gay Republican ?  wear it loud and proud get a big  L tattooed on your forehead.,0.540540541,bias,"gays,republicans","lgbtq,political",prejudice against gays and republicans,"['contradiction', 'neutral', 'neutral', 'entailment', 'entailment', 'entailment', 'entailment', 'neutral', 'entailment', 'contradiction', 'entailment', 'neutral', 'entailment', 'entailment', 'entailment']","[{'contradiction': 73.6, 'neutral': 25.5, 'entailment': 0.8}, {'contradiction': 5.1, 'neutral': 61.0, 'entailment': 33.9}, {'contradiction': 11.5, 'neutral': 84.0, 'entailment': 4.5}, {'contradiction': 0.8, 'neutral': 2.8, 'entailment': 96.4}, {'contradiction': 1.0, 'neutral': 24.4, 'entailment': 74.6}, {'contradiction': 0.3, 'neutral': 2.2, 'entailment': 97.5}, {'contradiction': 1.8, 'neutral': 22.1, 'entailment': 76.2}, {'contradiction': 13.1, 'neutral': 65.5, 'entailment': 21.4}, {'contradiction': 0.2, 'neutral': 5.1, 'entailment': 94.7}, {'contradiction': 50.0, 'neutral': 23.6, 'entailment': 26.4}, {'contradiction': 1.4, 'neutral': 6.4, 'entailment': 92.2}, {'contradiction': 7.4, 'neutral': 64.8, 'entailment': 27.8}, {'contradiction': 3.1, 'neutral': 40.7, 'entailment': 56.2}, {'contradiction': 6.4, 'neutral': 25.2, 'entailment': 68.4}, {'contradiction': 6.5, 'neutral': 31.9, 'entailment': 61.6}]"
32,Mysogyny is OK for liberals against conservative women.  For example pointing out Hillary Clintons lies was mysogynist.  But ridiculing Conway on her makeup dress etc. is OK with liberals including liberal women.  The country has woken up to the Dems and liberals hypocritical modus operandi.,0.6,bias,"democrats,liberals",political,"prejudice against democrats,liberals","['contradiction', 'neutral', 'contradiction', 'contradiction', 'entailment', 'contradiction', 'entailment', 'contradiction', 'entailment', 'contradiction', 'contradiction', 'entailment', 'entailment', 'entailment', 'contradiction']","[{'contradiction': 81.5, 'neutral': 17.2, 'entailment': 1.3}, {'contradiction': 34.8, 'neutral': 48.4, 'entailment': 16.8}, {'contradiction': 68.0, 'neutral': 20.5, 'entailment': 11.5}, {'contradiction': 80.0, 'neutral': 10.5, 'entailment': 9.5}, {'contradiction': 0.6, 'neutral': 5.4, 'entailment': 94.0}, {'contradiction': 55.0, 'neutral': 26.4, 'entailment': 18.5}, {'contradiction': 2.0, 'neutral': 19.9, 'entailment': 78.1}, {'contradiction': 62.7, 'neutral': 21.4, 'entailment': 15.9}, {'contradiction': 36.3, 'neutral': 22.6, 'entailment': 41.1}, {'contradiction': 73.4, 'neutral': 19.5, 'entailment': 7.0}, {'contradiction': 66.1, 'neutral': 22.8, 'entailment': 11.0}, {'contradiction': 4.3, 'neutral': 33.1, 'entailment': 62.6}, {'contradiction': 0.9, 'neutral': 11.1, 'entailment': 88.0}, {'contradiction': 18.9, 'neutral': 33.1, 'entailment': 48.0}, {'contradiction': 91.2, 'neutral': 6.4, 'entailment': 2.3}]"
33,The US is in shambles thanks to all the trash the Liberals let in.,0.5,bias,liberals,political,prejudice against liberals,"['contradiction', 'neutral', 'entailment', 'entailment', 'neutral', 'entailment', 'neutral', 'neutral', 'entailment', 'contradiction', 'neutral', 'neutral', 'neutral', 'entailment', 'neutral']","[{'contradiction': 60.1, 'neutral': 37.5, 'entailment': 2.3}, {'contradiction': 30.0, 'neutral': 63.6, 'entailment': 6.5}, {'contradiction': 0.4, 'neutral': 4.9, 'entailment': 94.7}, {'contradiction': 13.1, 'neutral': 20.1, 'entailment': 66.9}, {'contradiction': 3.1, 'neutral': 54.2, 'entailment': 42.7}, {'contradiction': 18.9, 'neutral': 36.4, 'entailment': 44.7}, {'contradiction': 4.1, 'neutral': 55.0, 'entailment': 41.0}, {'contradiction': 22.8, 'neutral': 56.8, 'entailment': 20.3}, {'contradiction': 5.3, 'neutral': 41.9, 'entailment': 52.8}, {'contradiction': 56.3, 'neutral': 36.0, 'entailment': 7.7}, {'contradiction': 10.2, 'neutral': 53.8, 'entailment': 36.0}, {'contradiction': 11.1, 'neutral': 79.6, 'entailment': 9.4}, {'contradiction': 2.3, 'neutral': 95.1, 'entailment': 2.6}, {'contradiction': 5.9, 'neutral': 36.6, 'entailment': 57.5}, {'contradiction': 14.5, 'neutral': 52.3, 'entailment': 33.2}]"
34,So in fact you have sexual intercourse for selfgratification. Then why do you condemn others for doing what you do? That is hypocrisy. Your actual objection is the old gay sex is icky  which is solely a matter of taste.,0.6,neutral,,none,,"['neutral', 'neutral', 'neutral', 'neutral', 'neutral', 'neutral', 'neutral', 'neutral', 'neutral', 'neutral', 'neutral', 'neutral', 'neutral', 'neutral', 'contradiction']","[{'contradiction': 14.9, 'neutral': 80.0, 'entailment': 5.1}, {'contradiction': 1.3, 'neutral': 91.5, 'entailment': 7.2}, {'contradiction': 12.2, 'neutral': 87.7, 'entailment': 0.2}, {'contradiction': 12.2, 'neutral': 70.9, 'entailment': 16.9}, {'contradiction': 0.5, 'neutral': 96.3, 'entailment': 3.1}, {'contradiction': 4.1, 'neutral': 65.0, 'entailment': 30.9}, {'contradiction': 12.0, 'neutral': 63.8, 'entailment': 24.2}, {'contradiction': 30.9, 'neutral': 63.6, 'entailment': 5.6}, {'contradiction': 7.7, 'neutral': 82.1, 'entailment': 10.1}, {'contradiction': 24.9, 'neutral': 70.0, 'entailment': 5.0}, {'contradiction': 18.3, 'neutral': 76.1, 'entailment': 5.6}, {'contradiction': 26.4, 'neutral': 65.5, 'entailment': 8.1}, {'contradiction': 2.0, 'neutral': 93.5, 'entailment': 4.5}, {'contradiction': 7.5, 'neutral': 76.4, 'entailment': 16.0}, {'contradiction': 54.8, 'neutral': 43.2, 'entailment': 1.9}]"
35,BDS Anti Semitic and racist Shaun Narine Anti Semitic and racist Shaun Narine crawl back in your cave.,0.272727273,neutral,,none,,"['neutral', 'neutral', 'neutral', 'contradiction', 'entailment', 'neutral', 'entailment', 'neutral', 'entailment', 'neutral', 'entailment', 'neutral', 'entailment', 'entailment', 'neutral']","[{'contradiction': 32.7, 'neutral': 55.6, 'entailment': 11.7}, {'contradiction': 2.6, 'neutral': 64.2, 'entailment': 33.2}, {'contradiction': 5.2, 'neutral': 76.1, 'entailment': 18.8}, {'contradiction': 62.8, 'neutral': 20.5, 'entailment': 16.7}, {'contradiction': 0.6, 'neutral': 35.2, 'entailment': 64.2}, {'contradiction': 6.7, 'neutral': 61.9, 'entailment': 31.3}, {'contradiction': 2.2, 'neutral': 30.0, 'entailment': 67.9}, {'contradiction': 3.2, 'neutral': 68.6, 'entailment': 28.3}, {'contradiction': 0.5, 'neutral': 17.2, 'entailment': 82.3}, {'contradiction': 14.5, 'neutral': 55.9, 'entailment': 29.6}, {'contradiction': 0.3, 'neutral': 5.6, 'entailment': 94.2}, {'contradiction': 7.1, 'neutral': 69.7, 'entailment': 23.1}, {'contradiction': 1.4, 'neutral': 28.6, 'entailment': 70.1}, {'contradiction': 3.7, 'neutral': 41.0, 'entailment': 55.2}, {'contradiction': 6.4, 'neutral': 65.5, 'entailment': 28.2}]"
36,Individuals are different. Given the same opportunities they can achieve the same. I would be ashamed of someone read your post and assumed that all whites were racist.,0.271428571,neutral,,none,,"['neutral', 'neutral', 'neutral', 'contradiction', 'neutral', 'neutral', 'neutral', 'neutral', 'neutral', 'contradiction', 'neutral', 'neutral', 'neutral', 'neutral', 'contradiction']","[{'contradiction': 27.8, 'neutral': 70.3, 'entailment': 1.9}, {'contradiction': 8.1, 'neutral': 89.4, 'entailment': 2.5}, {'contradiction': 34.3, 'neutral': 65.5, 'entailment': 0.2}, {'contradiction': 84.2, 'neutral': 10.6, 'entailment': 5.2}, {'contradiction': 4.4, 'neutral': 90.8, 'entailment': 4.8}, {'contradiction': 23.4, 'neutral': 65.0, 'entailment': 11.7}, {'contradiction': 23.8, 'neutral': 70.6, 'entailment': 5.6}, {'contradiction': 46.9, 'neutral': 51.9, 'entailment': 1.2}, {'contradiction': 44.7, 'neutral': 52.9, 'entailment': 2.4}, {'contradiction': 80.2, 'neutral': 18.1, 'entailment': 1.7}, {'contradiction': 17.1, 'neutral': 78.3, 'entailment': 4.5}, {'contradiction': 29.1, 'neutral': 68.2, 'entailment': 2.8}, {'contradiction': 9.2, 'neutral': 86.0, 'entailment': 4.7}, {'contradiction': 2.7, 'neutral': 89.5, 'entailment': 7.8}, {'contradiction': 55.8, 'neutral': 43.2, 'entailment': 1.1}]"
37,This situation reminds me of the Conservative Party of Canadas opposition to a parliamentary vote condemning Islamophobia following the terrorist attack on a mosque in Quebec that killed six people.. We must condemn hatred from all sides. You know where these people are all coming from and what their intent is and their followers were blogging the same Islamophobic garbage right here on the Globe website.. They are the same as Trump.,0.6,neutral,,none,,"['contradiction', 'neutral', 'neutral', 'contradiction', 'entailment', 'neutral', 'entailment', 'entailment', 'entailment', 'contradiction', 'entailment', 'neutral', 'entailment', 'entailment', 'entailment']","[{'contradiction': 58.7, 'neutral': 39.1, 'entailment': 2.1}, {'contradiction': 9.5, 'neutral': 76.2, 'entailment': 14.3}, {'contradiction': 4.7, 'neutral': 75.1, 'entailment': 20.2}, {'contradiction': 88.4, 'neutral': 4.7, 'entailment': 6.9}, {'contradiction': 0.6, 'neutral': 41.7, 'entailment': 57.7}, {'contradiction': 30.5, 'neutral': 38.9, 'entailment': 30.6}, {'contradiction': 1.4, 'neutral': 28.7, 'entailment': 69.8}, {'contradiction': 7.6, 'neutral': 40.6, 'entailment': 51.9}, {'contradiction': 0.4, 'neutral': 8.3, 'entailment': 91.3}, {'contradiction': 44.5, 'neutral': 41.7, 'entailment': 13.8}, {'contradiction': 0.5, 'neutral': 18.8, 'entailment': 80.7}, {'contradiction': 9.4, 'neutral': 73.4, 'entailment': 17.2}, {'contradiction': 0.4, 'neutral': 12.9, 'entailment': 86.8}, {'contradiction': 26.2, 'neutral': 28.4, 'entailment': 45.4}, {'contradiction': 3.5, 'neutral': 17.3, 'entailment': 79.3}]"
38,How dare you. How dare you a white girl who didnt vote for the most asinine inhuman being who ever became president give me a ration o shit without using your real name.,0.2875,neutral,,none,,"['neutral', 'neutral', 'neutral', 'contradiction', 'neutral', 'entailment', 'entailment', 'neutral', 'entailment', 'neutral', 'neutral', 'neutral', 'neutral', 'neutral', 'neutral']","[{'contradiction': 24.1, 'neutral': 51.4, 'entailment': 24.5}, {'contradiction': 13.7, 'neutral': 59.2, 'entailment': 27.1}, {'contradiction': 13.6, 'neutral': 84.4, 'entailment': 2.0}, {'contradiction': 59.7, 'neutral': 25.2, 'entailment': 15.1}, {'contradiction': 3.6, 'neutral': 66.3, 'entailment': 30.2}, {'contradiction': 9.5, 'neutral': 42.9, 'entailment': 47.7}, {'contradiction': 1.7, 'neutral': 34.1, 'entailment': 64.2}, {'contradiction': 15.2, 'neutral': 48.1, 'entailment': 36.8}, {'contradiction': 5.0, 'neutral': 45.3, 'entailment': 49.7}, {'contradiction': 40.0, 'neutral': 48.3, 'entailment': 11.7}, {'contradiction': 6.7, 'neutral': 53.3, 'entailment': 40.0}, {'contradiction': 9.7, 'neutral': 85.6, 'entailment': 4.8}, {'contradiction': 3.3, 'neutral': 85.2, 'entailment': 11.5}, {'contradiction': 2.1, 'neutral': 55.8, 'entailment': 42.1}, {'contradiction': 14.3, 'neutral': 60.2, 'entailment': 25.5}]"
39,Right so why dont you just state what type of animal you think blacks are? You characterize human beings as less than farm animals. RACIST POS.,0.571428571,neutral,,none,,"['neutral', 'neutral', 'neutral', 'contradiction', 'neutral', 'neutral', 'neutral', 'neutral', 'neutral', 'neutral', 'neutral', 'neutral', 'neutral', 'neutral', 'neutral']","[{'contradiction': 12.9, 'neutral': 69.8, 'entailment': 17.2}, {'contradiction': 0.3, 'neutral': 69.6, 'entailment': 30.1}, {'contradiction': 1.1, 'neutral': 98.2, 'entailment': 0.7}, {'contradiction': 49.0, 'neutral': 38.7, 'entailment': 12.3}, {'contradiction': 0.4, 'neutral': 68.7, 'entailment': 30.9}, {'contradiction': 6.1, 'neutral': 58.7, 'entailment': 35.1}, {'contradiction': 0.8, 'neutral': 63.5, 'entailment': 35.7}, {'contradiction': 1.6, 'neutral': 93.1, 'entailment': 5.3}, {'contradiction': 0.2, 'neutral': 54.5, 'entailment': 45.4}, {'contradiction': 21.2, 'neutral': 68.6, 'entailment': 10.2}, {'contradiction': 0.3, 'neutral': 65.3, 'entailment': 34.4}, {'contradiction': 4.0, 'neutral': 90.6, 'entailment': 5.4}, {'contradiction': 0.2, 'neutral': 99.0, 'entailment': 0.9}, {'contradiction': 1.7, 'neutral': 55.8, 'entailment': 42.5}, {'contradiction': 4.4, 'neutral': 74.6, 'entailment': 21.0}]"
40,Being one itself the Islamic State should know an idiot when it sees one.,0.263157895,neutral,,none,,"['entailment', 'entailment', 'neutral', 'contradiction', 'neutral', 'neutral', 'entailment', 'neutral', 'neutral', 'neutral', 'neutral', 'entailment', 'entailment', 'neutral', 'neutral']","[{'contradiction': 2.4, 'neutral': 29.2, 'entailment': 68.4}, {'contradiction': 1.6, 'neutral': 40.5, 'entailment': 58.0}, {'contradiction': 21.9, 'neutral': 64.9, 'entailment': 13.2}, {'contradiction': 72.7, 'neutral': 14.2, 'entailment': 13.2}, {'contradiction': 7.0, 'neutral': 47.6, 'entailment': 45.5}, {'contradiction': 15.2, 'neutral': 69.5, 'entailment': 15.3}, {'contradiction': 1.0, 'neutral': 38.1, 'entailment': 60.9}, {'contradiction': 1.9, 'neutral': 70.6, 'entailment': 27.5}, {'contradiction': 5.5, 'neutral': 76.8, 'entailment': 17.7}, {'contradiction': 30.3, 'neutral': 52.6, 'entailment': 17.1}, {'contradiction': 12.1, 'neutral': 67.2, 'entailment': 20.7}, {'contradiction': 6.5, 'neutral': 44.0, 'entailment': 49.5}, {'contradiction': 1.3, 'neutral': 27.0, 'entailment': 71.7}, {'contradiction': 29.3, 'neutral': 44.4, 'entailment': 26.3}, {'contradiction': 13.9, 'neutral': 78.5, 'entailment': 7.6}]"
41,Retire your fingers Ailina you troll.  Free Canada Press is an anticatholic and antisemetic alt right online blog run by Judi McLeod.  They are the same outlet that claimed 911 was an inside job perpetrated by the mob and any Latin Americans who protest tougher immigration laws are actually acting under detailed instructions from Swiss Jews an IrishCanadian manager and a Califormia Jew.     URL _McLeod,0.8,neutral,,none,,"['contradiction', 'neutral', 'neutral', 'contradiction', 'entailment', 'entailment', 'entailment', 'neutral', 'entailment', 'entailment', 'entailment', 'neutral', 'entailment', 'entailment', 'entailment']","[{'contradiction': 61.9, 'neutral': 33.3, 'entailment': 4.8}, {'contradiction': 9.2, 'neutral': 56.5, 'entailment': 34.3}, {'contradiction': 19.5, 'neutral': 77.6, 'entailment': 2.9}, {'contradiction': 61.4, 'neutral': 24.3, 'entailment': 14.3}, {'contradiction': 1.1, 'neutral': 24.0, 'entailment': 74.9}, {'contradiction': 2.6, 'neutral': 25.7, 'entailment': 71.7}, {'contradiction': 4.1, 'neutral': 40.1, 'entailment': 55.8}, {'contradiction': 16.4, 'neutral': 44.7, 'entailment': 38.9}, {'contradiction': 0.4, 'neutral': 8.4, 'entailment': 91.1}, {'contradiction': 10.9, 'neutral': 40.4, 'entailment': 48.7}, {'contradiction': 3.4, 'neutral': 30.9, 'entailment': 65.7}, {'contradiction': 19.8, 'neutral': 70.6, 'entailment': 9.7}, {'contradiction': 0.6, 'neutral': 42.9, 'entailment': 56.5}, {'contradiction': 1.3, 'neutral': 17.6, 'entailment': 81.2}, {'contradiction': 4.3, 'neutral': 16.1, 'entailment': 79.6}]"
42,Or the recent gay orgy.,0.8,neutral,,none,,"['contradiction', 'neutral', 'contradiction', 'neutral', 'neutral', 'neutral', 'neutral', 'contradiction', 'contradiction', 'contradiction', 'contradiction', 'contradiction', 'contradiction', 'neutral', 'contradiction']","[{'contradiction': 55.5, 'neutral': 42.4, 'entailment': 2.1}, {'contradiction': 24.0, 'neutral': 69.6, 'entailment': 6.5}, {'contradiction': 50.1, 'neutral': 49.3, 'entailment': 0.6}, {'contradiction': 38.7, 'neutral': 45.8, 'entailment': 15.4}, {'contradiction': 4.9, 'neutral': 85.6, 'entailment': 9.5}, {'contradiction': 27.5, 'neutral': 66.0, 'entailment': 6.5}, {'contradiction': 17.7, 'neutral': 51.9, 'entailment': 30.4}, {'contradiction': 98.6, 'neutral': 1.2, 'entailment': 0.2}, {'contradiction': 88.7, 'neutral': 9.9, 'entailment': 1.5}, {'contradiction': 99.7, 'neutral': 0.2, 'entailment': 0.1}, {'contradiction': 95.9, 'neutral': 3.8, 'entailment': 0.3}, {'contradiction': 62.6, 'neutral': 29.9, 'entailment': 7.6}, {'contradiction': 55.1, 'neutral': 40.1, 'entailment': 4.8}, {'contradiction': 4.6, 'neutral': 79.8, 'entailment': 15.6}, {'contradiction': 98.6, 'neutral': 1.1, 'entailment': 0.2}]"
43,Maybe pig latin . . .,0.8,neutral,,none,,"['neutral', 'neutral', 'neutral', 'neutral', 'neutral', 'neutral', 'neutral', 'neutral', 'neutral', 'neutral', 'neutral', 'neutral', 'neutral', 'neutral', 'neutral']","[{'contradiction': 14.8, 'neutral': 81.1, 'entailment': 4.0}, {'contradiction': 4.0, 'neutral': 92.5, 'entailment': 3.6}, {'contradiction': 2.9, 'neutral': 96.7, 'entailment': 0.4}, {'contradiction': 41.2, 'neutral': 46.8, 'entailment': 12.0}, {'contradiction': 2.2, 'neutral': 92.8, 'entailment': 4.9}, {'contradiction': 2.7, 'neutral': 91.7, 'entailment': 5.6}, {'contradiction': 3.5, 'neutral': 87.6, 'entailment': 8.9}, {'contradiction': 2.6, 'neutral': 95.0, 'entailment': 2.4}, {'contradiction': 1.4, 'neutral': 93.3, 'entailment': 5.3}, {'contradiction': 19.2, 'neutral': 69.9, 'entailment': 11.0}, {'contradiction': 1.5, 'neutral': 95.9, 'entailment': 2.5}, {'contradiction': 4.9, 'neutral': 83.6, 'entailment': 11.4}, {'contradiction': 0.4, 'neutral': 98.9, 'entailment': 0.7}, {'contradiction': 1.4, 'neutral': 93.5, 'entailment': 5.1}, {'contradiction': 4.6, 'neutral': 88.7, 'entailment': 6.7}]"
44,You dont see the difference between being concerned about immigration and wanting  it slowed or stopped and calling for the death of of Jews and Blacks? You must be blind.,0.5,neutral,,none,,"['entailment', 'entailment', 'neutral', 'contradiction', 'entailment', 'entailment', 'entailment', 'entailment', 'entailment', 'entailment', 'entailment', 'neutral', 'neutral', 'entailment', 'entailment']","[{'contradiction': 6.8, 'neutral': 44.1, 'entailment': 49.1}, {'contradiction': 2.0, 'neutral': 44.5, 'entailment': 53.4}, {'contradiction': 9.8, 'neutral': 86.2, 'entailment': 4.0}, {'contradiction': 41.7, 'neutral': 29.0, 'entailment': 29.3}, {'contradiction': 0.4, 'neutral': 25.6, 'entailment': 74.0}, {'contradiction': 21.9, 'neutral': 38.6, 'entailment': 39.5}, {'contradiction': 1.4, 'neutral': 29.4, 'entailment': 69.1}, {'contradiction': 1.0, 'neutral': 22.1, 'entailment': 76.8}, {'contradiction': 0.4, 'neutral': 15.6, 'entailment': 83.9}, {'contradiction': 1.9, 'neutral': 20.2, 'entailment': 77.9}, {'contradiction': 0.8, 'neutral': 34.1, 'entailment': 65.1}, {'contradiction': 2.1, 'neutral': 66.9, 'entailment': 30.9}, {'contradiction': 0.9, 'neutral': 56.3, 'entailment': 42.8}, {'contradiction': 3.3, 'neutral': 24.0, 'entailment': 72.7}, {'contradiction': 6.2, 'neutral': 29.6, 'entailment': 64.2}]"
45,So substitute gay with colored,0.5,neutral,,none,,"['neutral', 'neutral', 'neutral', 'neutral', 'neutral', 'neutral', 'neutral', 'neutral', 'neutral', 'contradiction', 'neutral', 'neutral', 'neutral', 'neutral', 'neutral']","[{'contradiction': 37.3, 'neutral': 61.1, 'entailment': 1.6}, {'contradiction': 6.7, 'neutral': 89.9, 'entailment': 3.5}, {'contradiction': 2.9, 'neutral': 96.3, 'entailment': 0.8}, {'contradiction': 0.6, 'neutral': 98.6, 'entailment': 0.8}, {'contradiction': 1.6, 'neutral': 93.4, 'entailment': 5.0}, {'contradiction': 1.3, 'neutral': 97.4, 'entailment': 1.3}, {'contradiction': 3.9, 'neutral': 88.5, 'entailment': 7.6}, {'contradiction': 9.2, 'neutral': 88.7, 'entailment': 2.1}, {'contradiction': 2.7, 'neutral': 91.3, 'entailment': 6.0}, {'contradiction': 97.7, 'neutral': 1.5, 'entailment': 0.8}, {'contradiction': 16.1, 'neutral': 81.5, 'entailment': 2.5}, {'contradiction': 1.2, 'neutral': 75.2, 'entailment': 23.6}, {'contradiction': 0.5, 'neutral': 98.6, 'entailment': 0.9}, {'contradiction': 0.2, 'neutral': 93.7, 'entailment': 6.1}, {'contradiction': 8.7, 'neutral': 86.8, 'entailment': 4.5}]"
46,taipan are you an old privileged white guy? sound like one. im one myself but i say god damn america too. that flag only applies to white christian racist bigoted and intolerant males. no one else. i thought i was alone but you have shown me that is not the case and for that i thank you.,0.675,neutral,,none,,"['contradiction', 'neutral', 'neutral', 'contradiction', 'neutral', 'entailment', 'entailment', 'neutral', 'entailment', 'neutral', 'entailment', 'neutral', 'neutral', 'entailment', 'entailment']","[{'contradiction': 81.5, 'neutral': 17.6, 'entailment': 0.9}, {'contradiction': 22.3, 'neutral': 65.5, 'entailment': 12.2}, {'contradiction': 6.2, 'neutral': 91.6, 'entailment': 2.2}, {'contradiction': 79.8, 'neutral': 11.4, 'entailment': 8.8}, {'contradiction': 4.3, 'neutral': 57.4, 'entailment': 38.3}, {'contradiction': 9.1, 'neutral': 26.9, 'entailment': 64.1}, {'contradiction': 2.0, 'neutral': 45.8, 'entailment': 52.2}, {'contradiction': 9.5, 'neutral': 83.0, 'entailment': 7.5}, {'contradiction': 2.4, 'neutral': 32.6, 'entailment': 65.0}, {'contradiction': 37.8, 'neutral': 44.9, 'entailment': 17.3}, {'contradiction': 3.4, 'neutral': 26.4, 'entailment': 70.1}, {'contradiction': 23.1, 'neutral': 69.5, 'entailment': 7.4}, {'contradiction': 5.6, 'neutral': 75.1, 'entailment': 19.3}, {'contradiction': 22.1, 'neutral': 26.9, 'entailment': 51.0}, {'contradiction': 14.3, 'neutral': 27.8, 'entailment': 57.8}]"
47,Nobody wants your koolaide or your sad sick religion.  Fund it on your own dime.,0.513157895,neutral,,none,,"['neutral', 'neutral', 'neutral', 'contradiction', 'neutral', 'neutral', 'neutral', 'neutral', 'neutral', 'neutral', 'neutral', 'neutral', 'neutral', 'neutral', 'contradiction']","[{'contradiction': 26.3, 'neutral': 69.2, 'entailment': 4.5}, {'contradiction': 22.2, 'neutral': 72.0, 'entailment': 5.8}, {'contradiction': 16.1, 'neutral': 83.7, 'entailment': 0.2}, {'contradiction': 79.8, 'neutral': 11.4, 'entailment': 8.8}, {'contradiction': 3.8, 'neutral': 66.9, 'entailment': 29.3}, {'contradiction': 17.5, 'neutral': 45.5, 'entailment': 37.0}, {'contradiction': 19.6, 'neutral': 70.6, 'entailment': 9.9}, {'contradiction': 46.5, 'neutral': 51.0, 'entailment': 2.4}, {'contradiction': 9.7, 'neutral': 62.6, 'entailment': 27.8}, {'contradiction': 28.8, 'neutral': 62.8, 'entailment': 8.3}, {'contradiction': 25.0, 'neutral': 62.6, 'entailment': 12.4}, {'contradiction': 9.2, 'neutral': 69.1, 'entailment': 21.7}, {'contradiction': 28.0, 'neutral': 71.3, 'entailment': 0.7}, {'contradiction': 3.9, 'neutral': 80.6, 'entailment': 15.5}, {'contradiction': 53.5, 'neutral': 31.6, 'entailment': 14.8}]"
48,Sure dogs being skinned alive is exactly like being a Palestinian.. not.   Do you have any idea how silly you sound?,0.525,neutral,,none,,"['neutral', 'neutral', 'neutral', 'contradiction', 'neutral', 'neutral', 'entailment', 'entailment', 'neutral', 'contradiction', 'neutral', 'neutral', 'neutral', 'neutral', 'neutral']","[{'contradiction': 10.5, 'neutral': 53.1, 'entailment': 36.3}, {'contradiction': 20.5, 'neutral': 52.7, 'entailment': 26.8}, {'contradiction': 17.8, 'neutral': 77.8, 'entailment': 4.3}, {'contradiction': 51.4, 'neutral': 37.1, 'entailment': 11.5}, {'contradiction': 1.0, 'neutral': 70.0, 'entailment': 29.1}, {'contradiction': 7.5, 'neutral': 63.0, 'entailment': 29.6}, {'contradiction': 2.3, 'neutral': 35.4, 'entailment': 62.3}, {'contradiction': 2.6, 'neutral': 45.2, 'entailment': 52.2}, {'contradiction': 5.7, 'neutral': 62.6, 'entailment': 31.8}, {'contradiction': 60.6, 'neutral': 27.8, 'entailment': 11.6}, {'contradiction': 0.9, 'neutral': 90.4, 'entailment': 8.8}, {'contradiction': 20.6, 'neutral': 77.3, 'entailment': 2.1}, {'contradiction': 0.9, 'neutral': 97.5, 'entailment': 1.6}, {'contradiction': 2.1, 'neutral': 73.6, 'entailment': 24.3}, {'contradiction': 18.1, 'neutral': 57.2, 'entailment': 24.7}]"
49,And Wynne was there because...????  That women shouldnt be invited to anything.,0.5,neutral,,none,,"['neutral', 'neutral', 'neutral', 'contradiction', 'neutral', 'neutral', 'neutral', 'neutral', 'neutral', 'neutral', 'neutral', 'neutral', 'neutral', 'neutral', 'neutral']","[{'contradiction': 4.4, 'neutral': 92.4, 'entailment': 3.2}, {'contradiction': 0.9, 'neutral': 96.3, 'entailment': 2.8}, {'contradiction': 8.2, 'neutral': 89.4, 'entailment': 2.3}, {'contradiction': 45.1, 'neutral': 29.9, 'entailment': 25.0}, {'contradiction': 1.2, 'neutral': 85.4, 'entailment': 13.4}, {'contradiction': 1.8, 'neutral': 72.7, 'entailment': 25.4}, {'contradiction': 6.3, 'neutral': 81.5, 'entailment': 12.1}, {'contradiction': 2.2, 'neutral': 95.8, 'entailment': 2.0}, {'contradiction': 0.8, 'neutral': 89.6, 'entailment': 9.6}, {'contradiction': 12.3, 'neutral': 76.7, 'entailment': 10.9}, {'contradiction': 1.3, 'neutral': 93.0, 'entailment': 5.7}, {'contradiction': 9.6, 'neutral': 87.5, 'entailment': 2.9}, {'contradiction': 0.1, 'neutral': 97.1, 'entailment': 2.8}, {'contradiction': 1.8, 'neutral': 76.9, 'entailment': 21.3}, {'contradiction': 13.4, 'neutral': 79.5, 'entailment': 7.1}]"
50,nobody was including indians who were far worse by your standards. Okay?,0.5,neutral,,none,,"['neutral', 'neutral', 'neutral', 'contradiction', 'neutral', 'neutral', 'neutral', 'neutral', 'neutral', 'contradiction', 'neutral', 'neutral', 'neutral', 'neutral', 'neutral']","[{'contradiction': 6.8, 'neutral': 89.1, 'entailment': 4.0}, {'contradiction': 1.3, 'neutral': 95.6, 'entailment': 3.1}, {'contradiction': 1.2, 'neutral': 98.7, 'entailment': 0.1}, {'contradiction': 56.3, 'neutral': 31.6, 'entailment': 12.1}, {'contradiction': 0.3, 'neutral': 89.1, 'entailment': 10.6}, {'contradiction': 6.3, 'neutral': 67.6, 'entailment': 26.1}, {'contradiction': 8.0, 'neutral': 72.9, 'entailment': 19.2}, {'contradiction': 7.4, 'neutral': 85.3, 'entailment': 7.3}, {'contradiction': 3.6, 'neutral': 83.6, 'entailment': 12.8}, {'contradiction': 74.5, 'neutral': 23.0, 'entailment': 2.5}, {'contradiction': 0.5, 'neutral': 94.2, 'entailment': 5.3}, {'contradiction': 5.4, 'neutral': 91.4, 'entailment': 3.3}, {'contradiction': 0.6, 'neutral': 99.2, 'entailment': 0.2}, {'contradiction': 1.0, 'neutral': 86.1, 'entailment': 12.9}, {'contradiction': 3.9, 'neutral': 85.9, 'entailment': 10.2}]"
51,What if instead of Christian Freaks your comment said Muslim Freaks?,0.5125,neutral,,none,,"['neutral', 'neutral', 'neutral', 'contradiction', 'neutral', 'entailment', 'neutral', 'neutral', 'entailment', 'contradiction', 'neutral', 'neutral', 'neutral', 'neutral', 'neutral']","[{'contradiction': 31.9, 'neutral': 64.7, 'entailment': 3.4}, {'contradiction': 10.4, 'neutral': 77.1, 'entailment': 12.5}, {'contradiction': 8.1, 'neutral': 89.5, 'entailment': 2.4}, {'contradiction': 66.1, 'neutral': 18.2, 'entailment': 15.7}, {'contradiction': 2.3, 'neutral': 76.9, 'entailment': 20.8}, {'contradiction': 2.9, 'neutral': 21.5, 'entailment': 75.6}, {'contradiction': 6.6, 'neutral': 80.3, 'entailment': 13.2}, {'contradiction': 5.0, 'neutral': 90.5, 'entailment': 4.5}, {'contradiction': 2.6, 'neutral': 47.5, 'entailment': 49.9}, {'contradiction': 83.0, 'neutral': 13.0, 'entailment': 4.0}, {'contradiction': 2.0, 'neutral': 72.1, 'entailment': 25.9}, {'contradiction': 20.6, 'neutral': 64.9, 'entailment': 14.5}, {'contradiction': 0.5, 'neutral': 97.9, 'entailment': 1.6}, {'contradiction': 1.2, 'neutral': 73.1, 'entailment': 25.7}, {'contradiction': 14.2, 'neutral': 64.2, 'entailment': 21.6}]"
52,So ESPN believes it is appropriate to punish and insult an Asian for the deeds of a racist Democrat? No need to look hard for a good reason to stop watching a networks excrement: this was easy,0.256756757,neutral,,none,,"['neutral', 'neutral', 'neutral', 'contradiction', 'entailment', 'neutral', 'entailment', 'neutral', 'entailment', 'neutral', 'entailment', 'neutral', 'neutral', 'contradiction', 'neutral']","[{'contradiction': 22.3, 'neutral': 72.6, 'entailment': 5.1}, {'contradiction': 7.9, 'neutral': 77.2, 'entailment': 15.0}, {'contradiction': 21.9, 'neutral': 39.6, 'entailment': 38.5}, {'contradiction': 96.5, 'neutral': 2.1, 'entailment': 1.5}, {'contradiction': 1.2, 'neutral': 41.7, 'entailment': 57.1}, {'contradiction': 16.6, 'neutral': 49.9, 'entailment': 33.5}, {'contradiction': 0.1, 'neutral': 4.9, 'entailment': 95.0}, {'contradiction': 3.2, 'neutral': 65.2, 'entailment': 31.5}, {'contradiction': 0.3, 'neutral': 13.9, 'entailment': 85.8}, {'contradiction': 13.5, 'neutral': 84.3, 'entailment': 2.2}, {'contradiction': 0.1, 'neutral': 8.1, 'entailment': 91.8}, {'contradiction': 4.6, 'neutral': 87.3, 'entailment': 8.2}, {'contradiction': 2.0, 'neutral': 78.0, 'entailment': 20.0}, {'contradiction': 62.1, 'neutral': 29.1, 'entailment': 8.8}, {'contradiction': 28.0, 'neutral': 54.7, 'entailment': 17.3}]"
53,Unspoken hatred sitting on the shoulders of this fundamentalist Whitehater.,0.281690141,neutral,,none,,"['contradiction', 'neutral', 'neutral', 'contradiction', 'neutral', 'entailment', 'neutral', 'neutral', 'entailment', 'entailment', 'entailment', 'neutral', 'neutral', 'entailment', 'entailment']","[{'contradiction': 66.2, 'neutral': 33.1, 'entailment': 0.7}, {'contradiction': 3.8, 'neutral': 74.5, 'entailment': 21.7}, {'contradiction': 2.5, 'neutral': 88.9, 'entailment': 8.6}, {'contradiction': 47.5, 'neutral': 27.3, 'entailment': 25.1}, {'contradiction': 3.0, 'neutral': 62.3, 'entailment': 34.7}, {'contradiction': 2.0, 'neutral': 33.3, 'entailment': 64.7}, {'contradiction': 2.5, 'neutral': 57.9, 'entailment': 39.6}, {'contradiction': 4.4, 'neutral': 60.2, 'entailment': 35.4}, {'contradiction': 0.1, 'neutral': 9.8, 'entailment': 90.1}, {'contradiction': 0.5, 'neutral': 30.4, 'entailment': 69.1}, {'contradiction': 0.1, 'neutral': 17.1, 'entailment': 82.8}, {'contradiction': 0.8, 'neutral': 64.3, 'entailment': 34.9}, {'contradiction': 2.9, 'neutral': 84.9, 'entailment': 12.1}, {'contradiction': 5.3, 'neutral': 31.1, 'entailment': 63.6}, {'contradiction': 0.7, 'neutral': 17.9, 'entailment': 81.4}]"
54,I live in Arlington and we never go to Seattle. All those precious snowflakes and fags. Ugh.,0.542857143,neutral,,none,,"['entailment', 'neutral', 'neutral', 'neutral', 'entailment', 'entailment', 'neutral', 'neutral', 'entailment', 'neutral', 'neutral', 'neutral', 'neutral', 'entailment', 'entailment']","[{'contradiction': 4.5, 'neutral': 39.8, 'entailment': 55.6}, {'contradiction': 2.2, 'neutral': 64.9, 'entailment': 33.0}, {'contradiction': 2.0, 'neutral': 97.5, 'entailment': 0.5}, {'contradiction': 2.1, 'neutral': 54.2, 'entailment': 43.7}, {'contradiction': 0.5, 'neutral': 48.2, 'entailment': 51.3}, {'contradiction': 0.4, 'neutral': 10.4, 'entailment': 89.2}, {'contradiction': 4.4, 'neutral': 57.0, 'entailment': 38.6}, {'contradiction': 34.3, 'neutral': 57.9, 'entailment': 7.8}, {'contradiction': 0.7, 'neutral': 32.2, 'entailment': 67.1}, {'contradiction': 28.9, 'neutral': 47.5, 'entailment': 23.7}, {'contradiction': 15.3, 'neutral': 60.6, 'entailment': 24.1}, {'contradiction': 4.1, 'neutral': 70.8, 'entailment': 25.0}, {'contradiction': 1.4, 'neutral': 90.7, 'entailment': 7.9}, {'contradiction': 0.4, 'neutral': 20.4, 'entailment': 79.2}, {'contradiction': 4.0, 'neutral': 44.6, 'entailment': 51.4}]"
55,Your statement is so rife with ignorant that you think unarmed means not a threat. What demographic commits the highest per capita rate of crime and what does that mean regarding per capita rates of contacts with police? Can you put that together?  What youre saying here is that the racist courts protect black communities better by putting black criminals in jail longer and letting out white predators earlier so they can go back to predatorializing on white communities.  Do you even THINK through what youre saying here?,0.5,neutral,,none,,"['neutral', 'neutral', 'neutral', 'neutral', 'entailment', 'neutral', 'entailment', 'entailment', 'neutral', 'neutral', 'entailment', 'neutral', 'neutral', 'entailment', 'neutral']","[{'contradiction': 6.0, 'neutral': 49.5, 'entailment': 44.5}, {'contradiction': 2.0, 'neutral': 72.6, 'entailment': 25.4}, {'contradiction': 3.3, 'neutral': 89.3, 'entailment': 7.4}, {'contradiction': 36.6, 'neutral': 46.3, 'entailment': 17.0}, {'contradiction': 2.2, 'neutral': 47.2, 'entailment': 50.7}, {'contradiction': 28.5, 'neutral': 39.3, 'entailment': 32.2}, {'contradiction': 3.6, 'neutral': 15.1, 'entailment': 81.2}, {'contradiction': 2.4, 'neutral': 25.5, 'entailment': 72.1}, {'contradiction': 3.0, 'neutral': 65.4, 'entailment': 31.6}, {'contradiction': 10.9, 'neutral': 68.3, 'entailment': 20.7}, {'contradiction': 1.9, 'neutral': 42.4, 'entailment': 55.7}, {'contradiction': 3.2, 'neutral': 71.2, 'entailment': 25.6}, {'contradiction': 1.4, 'neutral': 91.6, 'entailment': 7.0}, {'contradiction': 4.8, 'neutral': 26.8, 'entailment': 68.4}, {'contradiction': 25.5, 'neutral': 52.8, 'entailment': 21.7}]"
56,Again tiger shows his stripes. How blatantly can you be rasist? Earn your shit broHan. Be a man. Precedent?  My mothers maiden name is Pheifer. White as white can be. She married an Asian. Made me.,0.285714286,neutral,,none,,"['contradiction', 'neutral', 'neutral', 'entailment', 'neutral', 'entailment', 'entailment', 'neutral', 'neutral', 'neutral', 'neutral', 'neutral', 'neutral', 'neutral', 'neutral']","[{'contradiction': 70.0, 'neutral': 26.7, 'entailment': 3.3}, {'contradiction': 7.6, 'neutral': 55.4, 'entailment': 37.0}, {'contradiction': 3.0, 'neutral': 96.7, 'entailment': 0.3}, {'contradiction': 20.8, 'neutral': 36.2, 'entailment': 43.0}, {'contradiction': 1.4, 'neutral': 54.7, 'entailment': 43.9}, {'contradiction': 7.4, 'neutral': 34.4, 'entailment': 58.2}, {'contradiction': 2.3, 'neutral': 25.7, 'entailment': 72.0}, {'contradiction': 3.9, 'neutral': 50.9, 'entailment': 45.2}, {'contradiction': 2.9, 'neutral': 53.7, 'entailment': 43.4}, {'contradiction': 28.6, 'neutral': 50.7, 'entailment': 20.7}, {'contradiction': 1.7, 'neutral': 64.6, 'entailment': 33.7}, {'contradiction': 11.7, 'neutral': 69.3, 'entailment': 19.0}, {'contradiction': 3.6, 'neutral': 90.7, 'entailment': 5.7}, {'contradiction': 14.3, 'neutral': 47.7, 'entailment': 38.0}, {'contradiction': 16.7, 'neutral': 53.2, 'entailment': 30.1}]"
57,Does every Muslim hater have the same Word of the Day calendar? . Just like every Muslim lover  since you qualify haters there must be the opposite  lovers right has their own word of the day. . But is the same word every day  Islamophobia.,0.8,neutral,,none,,"['neutral', 'neutral', 'neutral', 'contradiction', 'neutral', 'neutral', 'neutral', 'neutral', 'entailment', 'neutral', 'neutral', 'neutral', 'neutral', 'entailment', 'entailment']","[{'contradiction': 48.2, 'neutral': 50.3, 'entailment': 1.4}, {'contradiction': 2.4, 'neutral': 91.6, 'entailment': 6.0}, {'contradiction': 6.9, 'neutral': 92.1, 'entailment': 1.0}, {'contradiction': 60.4, 'neutral': 27.3, 'entailment': 12.3}, {'contradiction': 2.3, 'neutral': 62.6, 'entailment': 35.1}, {'contradiction': 17.7, 'neutral': 49.7, 'entailment': 32.6}, {'contradiction': 4.8, 'neutral': 79.4, 'entailment': 15.8}, {'contradiction': 11.1, 'neutral': 81.9, 'entailment': 7.0}, {'contradiction': 1.3, 'neutral': 30.1, 'entailment': 68.6}, {'contradiction': 30.3, 'neutral': 58.1, 'entailment': 11.5}, {'contradiction': 12.5, 'neutral': 71.9, 'entailment': 15.6}, {'contradiction': 8.3, 'neutral': 71.2, 'entailment': 20.6}, {'contradiction': 0.5, 'neutral': 98.2, 'entailment': 1.3}, {'contradiction': 2.3, 'neutral': 38.6, 'entailment': 59.1}, {'contradiction': 3.8, 'neutral': 45.0, 'entailment': 51.2}]"
58,Elected officials swear or affirm. No stupid 2000 year old book of myths is required. Affirming the oath is all thats necessary. Your precious bible is a joke.,0.27631579,neutral,,none,,"['contradiction', 'contradiction', 'neutral', 'contradiction', 'neutral', 'contradiction', 'contradiction', 'contradiction', 'contradiction', 'contradiction', 'contradiction', 'contradiction', 'entailment', 'neutral', 'contradiction']","[{'contradiction': 77.0, 'neutral': 19.3, 'entailment': 3.7}, {'contradiction': 53.4, 'neutral': 41.2, 'entailment': 5.3}, {'contradiction': 11.2, 'neutral': 88.7, 'entailment': 0.1}, {'contradiction': 80.7, 'neutral': 14.1, 'entailment': 5.2}, {'contradiction': 10.1, 'neutral': 80.1, 'entailment': 9.8}, {'contradiction': 51.1, 'neutral': 39.8, 'entailment': 9.1}, {'contradiction': 54.1, 'neutral': 41.1, 'entailment': 4.8}, {'contradiction': 90.1, 'neutral': 9.3, 'entailment': 0.6}, {'contradiction': 61.2, 'neutral': 35.2, 'entailment': 3.6}, {'contradiction': 50.7, 'neutral': 46.5, 'entailment': 2.8}, {'contradiction': 53.6, 'neutral': 43.9, 'entailment': 2.5}, {'contradiction': 86.4, 'neutral': 12.9, 'entailment': 0.7}, {'contradiction': 0.4, 'neutral': 20.4, 'entailment': 79.2}, {'contradiction': 7.9, 'neutral': 77.8, 'entailment': 14.3}, {'contradiction': 82.0, 'neutral': 17.2, 'entailment': 0.8}]"
59,Pence ran for the door.  He believes in reprogramming gay people.  Perhaps he felt a little confused after a few hours of being dazzled by Broadways best. Pence should stick to pig races at the state fair if he doesnt want to be challenged by art.  Hes a hateful man who seeks to deny others basic human rights and he does it in the name of god.  Dangerous and sad.  He deserves to be called out.   Art has a glorious gay agenda,0.5,neutral,,none,,"['contradiction', 'entailment', 'contradiction', 'entailment', 'entailment', 'entailment', 'entailment', 'neutral', 'entailment', 'neutral', 'neutral', 'entailment', 'entailment', 'entailment', 'neutral']","[{'contradiction': 62.8, 'neutral': 22.5, 'entailment': 14.6}, {'contradiction': 5.3, 'neutral': 24.3, 'entailment': 70.4}, {'contradiction': 47.1, 'neutral': 46.7, 'entailment': 6.2}, {'contradiction': 8.9, 'neutral': 26.4, 'entailment': 64.7}, {'contradiction': 5.2, 'neutral': 29.4, 'entailment': 65.4}, {'contradiction': 9.8, 'neutral': 13.6, 'entailment': 76.6}, {'contradiction': 3.2, 'neutral': 36.3, 'entailment': 60.5}, {'contradiction': 26.6, 'neutral': 47.2, 'entailment': 26.2}, {'contradiction': 1.7, 'neutral': 16.5, 'entailment': 81.8}, {'contradiction': 31.1, 'neutral': 44.9, 'entailment': 24.0}, {'contradiction': 33.1, 'neutral': 50.7, 'entailment': 16.3}, {'contradiction': 3.2, 'neutral': 29.9, 'entailment': 66.9}, {'contradiction': 4.5, 'neutral': 20.9, 'entailment': 74.6}, {'contradiction': 35.0, 'neutral': 20.0, 'entailment': 45.0}, {'contradiction': 21.5, 'neutral': 50.6, 'entailment': 27.8}]"
60,Since the Roman Catholic Church does not recognize any samesex marriages it basically consigns all gay people to a life of celibacy not mere chastity. Your failure to acknowledge that reeks of smug disingenuousness.,0.258064516,neutral,,none,,"['neutral', 'neutral', 'neutral', 'entailment', 'neutral', 'entailment', 'neutral', 'neutral', 'neutral', 'neutral', 'neutral', 'neutral', 'neutral', 'neutral', 'contradiction']","[{'contradiction': 22.5, 'neutral': 62.3, 'entailment': 15.2}, {'contradiction': 7.1, 'neutral': 72.5, 'entailment': 20.4}, {'contradiction': 1.7, 'neutral': 98.3, 'entailment': 0.1}, {'contradiction': 13.9, 'neutral': 33.3, 'entailment': 52.8}, {'contradiction': 0.6, 'neutral': 60.1, 'entailment': 39.3}, {'contradiction': 15.1, 'neutral': 34.3, 'entailment': 50.6}, {'contradiction': 5.1, 'neutral': 52.1, 'entailment': 42.9}, {'contradiction': 34.4, 'neutral': 56.0, 'entailment': 9.6}, {'contradiction': 3.6, 'neutral': 53.4, 'entailment': 43.0}, {'contradiction': 42.3, 'neutral': 46.3, 'entailment': 11.4}, {'contradiction': 44.2, 'neutral': 44.4, 'entailment': 11.4}, {'contradiction': 5.0, 'neutral': 55.7, 'entailment': 39.3}, {'contradiction': 16.4, 'neutral': 56.6, 'entailment': 27.0}, {'contradiction': 6.8, 'neutral': 66.3, 'entailment': 26.9}, {'contradiction': 50.3, 'neutral': 42.6, 'entailment': 7.1}]"
61,About as much sense as allowing Muslim immigrants into the country surrounded by their enemies.,0.833333333,neutral,,none,,"['contradiction', 'neutral', 'neutral', 'contradiction', 'neutral', 'neutral', 'neutral', 'neutral', 'neutral', 'contradiction', 'neutral', 'neutral', 'neutral', 'neutral', 'neutral']","[{'contradiction': 55.3, 'neutral': 33.9, 'entailment': 10.8}, {'contradiction': 12.8, 'neutral': 72.9, 'entailment': 14.3}, {'contradiction': 16.3, 'neutral': 73.4, 'entailment': 10.4}, {'contradiction': 61.6, 'neutral': 16.7, 'entailment': 21.7}, {'contradiction': 1.5, 'neutral': 71.5, 'entailment': 27.0}, {'contradiction': 13.9, 'neutral': 46.8, 'entailment': 39.3}, {'contradiction': 4.3, 'neutral': 65.1, 'entailment': 30.7}, {'contradiction': 21.4, 'neutral': 66.6, 'entailment': 12.0}, {'contradiction': 5.7, 'neutral': 65.0, 'entailment': 29.3}, {'contradiction': 64.5, 'neutral': 21.8, 'entailment': 13.6}, {'contradiction': 4.2, 'neutral': 61.4, 'entailment': 34.4}, {'contradiction': 33.5, 'neutral': 57.7, 'entailment': 8.8}, {'contradiction': 1.3, 'neutral': 73.2, 'entailment': 25.5}, {'contradiction': 4.0, 'neutral': 50.7, 'entailment': 45.3}, {'contradiction': 21.9, 'neutral': 61.8, 'entailment': 16.3}]"
62,You got owned charles.  You assumed Mekun is white and that makes you a racist.,0.2875,neutral,,none,,"['neutral', 'neutral', 'neutral', 'contradiction', 'neutral', 'neutral', 'entailment', 'neutral', 'neutral', 'neutral', 'neutral', 'neutral', 'neutral', 'neutral', 'neutral']","[{'contradiction': 12.8, 'neutral': 75.7, 'entailment': 11.5}, {'contradiction': 2.0, 'neutral': 87.9, 'entailment': 10.2}, {'contradiction': 2.4, 'neutral': 96.3, 'entailment': 1.3}, {'contradiction': 70.8, 'neutral': 17.3, 'entailment': 11.9}, {'contradiction': 0.9, 'neutral': 79.1, 'entailment': 19.9}, {'contradiction': 4.4, 'neutral': 53.2, 'entailment': 42.4}, {'contradiction': 1.5, 'neutral': 46.9, 'entailment': 51.6}, {'contradiction': 7.2, 'neutral': 83.4, 'entailment': 9.4}, {'contradiction': 2.7, 'neutral': 81.6, 'entailment': 15.7}, {'contradiction': 7.3, 'neutral': 65.2, 'entailment': 27.5}, {'contradiction': 1.1, 'neutral': 88.0, 'entailment': 10.9}, {'contradiction': 2.3, 'neutral': 67.4, 'entailment': 30.3}, {'contradiction': 0.5, 'neutral': 95.8, 'entailment': 3.7}, {'contradiction': 2.3, 'neutral': 67.3, 'entailment': 30.4}, {'contradiction': 11.7, 'neutral': 74.6, 'entailment': 13.7}]"
63,Just another Tea Party racist?  What he is a black racist and a Nation of Islam disciple?  Nothing to see here folks move along.,0.55,neutral,,none,,"['neutral', 'contradiction', 'contradiction', 'contradiction', 'entailment', 'neutral', 'neutral', 'neutral', 'entailment', 'contradiction', 'entailment', 'neutral', 'neutral', 'neutral', 'neutral']","[{'contradiction': 44.0, 'neutral': 51.5, 'entailment': 4.6}, {'contradiction': 53.1, 'neutral': 33.4, 'entailment': 13.5}, {'contradiction': 92.2, 'neutral': 6.7, 'entailment': 1.2}, {'contradiction': 95.1, 'neutral': 3.5, 'entailment': 1.4}, {'contradiction': 1.1, 'neutral': 39.8, 'entailment': 59.1}, {'contradiction': 9.1, 'neutral': 66.0, 'entailment': 24.9}, {'contradiction': 5.3, 'neutral': 63.6, 'entailment': 31.1}, {'contradiction': 4.9, 'neutral': 87.9, 'entailment': 7.2}, {'contradiction': 0.2, 'neutral': 8.3, 'entailment': 91.5}, {'contradiction': 83.4, 'neutral': 13.8, 'entailment': 2.8}, {'contradiction': 0.1, 'neutral': 1.2, 'entailment': 98.7}, {'contradiction': 22.6, 'neutral': 66.2, 'entailment': 11.2}, {'contradiction': 0.7, 'neutral': 59.4, 'entailment': 39.9}, {'contradiction': 10.5, 'neutral': 44.9, 'entailment': 44.7}, {'contradiction': 3.9, 'neutral': 62.9, 'entailment': 33.2}]"
64,You silly woman my home is worth over 200000 dollars. It is the height of ignorance for you to act as if the illegal aliens are not demanding everything from us since new demands from illegals aliens are in the news everyday. How is it we have 11 million PLUS illegals in the first place?,0.285714286,neutral,,none,,"['neutral', 'neutral', 'neutral', 'contradiction', 'neutral', 'neutral', 'entailment', 'neutral', 'neutral', 'neutral', 'neutral', 'neutral', 'neutral', 'entailment', 'contradiction']","[{'contradiction': 1.4, 'neutral': 80.3, 'entailment': 18.3}, {'contradiction': 0.4, 'neutral': 91.4, 'entailment': 8.3}, {'contradiction': 0.7, 'neutral': 99.2, 'entailment': 0.1}, {'contradiction': 57.1, 'neutral': 31.1, 'entailment': 11.7}, {'contradiction': 0.7, 'neutral': 76.3, 'entailment': 22.9}, {'contradiction': 35.2, 'neutral': 41.5, 'entailment': 23.3}, {'contradiction': 5.8, 'neutral': 45.9, 'entailment': 48.4}, {'contradiction': 11.5, 'neutral': 68.9, 'entailment': 19.6}, {'contradiction': 5.8, 'neutral': 60.9, 'entailment': 33.2}, {'contradiction': 25.3, 'neutral': 55.4, 'entailment': 19.2}, {'contradiction': 13.0, 'neutral': 72.2, 'entailment': 14.9}, {'contradiction': 5.1, 'neutral': 88.0, 'entailment': 6.9}, {'contradiction': 15.7, 'neutral': 66.9, 'entailment': 17.4}, {'contradiction': 11.8, 'neutral': 40.5, 'entailment': 47.7}, {'contradiction': 43.2, 'neutral': 40.2, 'entailment': 16.6}]"
65,BLM was started when a Hispanic shot a Black?  Are Hispanics one of the peoples of color?,0.6,neutral,,none,,"['neutral', 'neutral', 'neutral', 'contradiction', 'neutral', 'neutral', 'entailment', 'entailment', 'neutral', 'contradiction', 'neutral', 'neutral', 'neutral', 'neutral', 'neutral']","[{'contradiction': 47.1, 'neutral': 51.2, 'entailment': 1.7}, {'contradiction': 3.9, 'neutral': 88.5, 'entailment': 7.5}, {'contradiction': 9.6, 'neutral': 88.8, 'entailment': 1.6}, {'contradiction': 89.3, 'neutral': 7.3, 'entailment': 3.5}, {'contradiction': 2.4, 'neutral': 85.0, 'entailment': 12.7}, {'contradiction': 20.9, 'neutral': 51.0, 'entailment': 28.2}, {'contradiction': 0.8, 'neutral': 32.6, 'entailment': 66.6}, {'contradiction': 0.7, 'neutral': 48.7, 'entailment': 50.7}, {'contradiction': 3.8, 'neutral': 84.1, 'entailment': 12.2}, {'contradiction': 61.4, 'neutral': 24.0, 'entailment': 14.6}, {'contradiction': 3.8, 'neutral': 75.9, 'entailment': 20.3}, {'contradiction': 18.6, 'neutral': 54.3, 'entailment': 27.1}, {'contradiction': 1.8, 'neutral': 82.2, 'entailment': 16.0}, {'contradiction': 4.5, 'neutral': 76.8, 'entailment': 18.7}, {'contradiction': 25.8, 'neutral': 64.9, 'entailment': 9.4}]"
66,Leonard Pitts is a black supremacist,0.614285714,neutral,,none,,"['neutral', 'neutral', 'neutral', 'contradiction', 'neutral', 'entailment', 'entailment', 'neutral', 'entailment', 'entailment', 'entailment', 'neutral', 'entailment', 'entailment', 'entailment']","[{'contradiction': 23.7, 'neutral': 75.1, 'entailment': 1.2}, {'contradiction': 0.6, 'neutral': 89.3, 'entailment': 10.2}, {'contradiction': 1.5, 'neutral': 95.5, 'entailment': 3.0}, {'contradiction': 67.0, 'neutral': 17.8, 'entailment': 15.2}, {'contradiction': 2.4, 'neutral': 76.4, 'entailment': 21.2}, {'contradiction': 0.9, 'neutral': 32.8, 'entailment': 66.3}, {'contradiction': 0.3, 'neutral': 29.5, 'entailment': 70.2}, {'contradiction': 0.5, 'neutral': 54.9, 'entailment': 44.6}, {'contradiction': 0.1, 'neutral': 11.4, 'entailment': 88.5}, {'contradiction': 1.7, 'neutral': 17.7, 'entailment': 80.7}, {'contradiction': 0.0, 'neutral': 4.9, 'entailment': 95.1}, {'contradiction': 1.4, 'neutral': 86.9, 'entailment': 11.7}, {'contradiction': 0.4, 'neutral': 46.0, 'entailment': 53.6}, {'contradiction': 0.2, 'neutral': 7.1, 'entailment': 92.7}, {'contradiction': 1.3, 'neutral': 41.7, 'entailment': 57.0}]"
67,The women of Lame County dont want a real man they just want other women.,0.271428571,neutral,,none,,"['neutral', 'neutral', 'neutral', 'contradiction', 'neutral', 'neutral', 'neutral', 'neutral', 'neutral', 'contradiction', 'neutral', 'neutral', 'neutral', 'entailment', 'contradiction']","[{'contradiction': 43.0, 'neutral': 53.8, 'entailment': 3.1}, {'contradiction': 18.7, 'neutral': 77.5, 'entailment': 3.8}, {'contradiction': 1.4, 'neutral': 98.5, 'entailment': 0.1}, {'contradiction': 51.4, 'neutral': 29.1, 'entailment': 19.6}, {'contradiction': 1.7, 'neutral': 85.9, 'entailment': 12.4}, {'contradiction': 6.2, 'neutral': 58.6, 'entailment': 35.3}, {'contradiction': 21.4, 'neutral': 63.9, 'entailment': 14.7}, {'contradiction': 30.1, 'neutral': 67.4, 'entailment': 2.5}, {'contradiction': 10.4, 'neutral': 79.9, 'entailment': 9.7}, {'contradiction': 63.3, 'neutral': 24.5, 'entailment': 12.2}, {'contradiction': 5.2, 'neutral': 85.9, 'entailment': 9.0}, {'contradiction': 12.5, 'neutral': 74.7, 'entailment': 12.8}, {'contradiction': 4.2, 'neutral': 93.4, 'entailment': 2.5}, {'contradiction': 3.5, 'neutral': 44.5, 'entailment': 52.0}, {'contradiction': 49.3, 'neutral': 41.7, 'entailment': 9.0}]"
